# taperAngle,stickingProbability,extractionStep,depth,diameter_0,diameter_1,diameter_2,diameter_3,diameter_4,diameter_5,diameter_6,diameter_7,diameter_8,diameter_9,diameter_10,diameter_11,diameter_12,diameter_13,diameter_14,diameter_15,diameter_16,diameter_17,diameter_18,diameter_19,diameter_20,diameter_21,diameter_22,diameter_23,diameter_24,diameter_25,diameter_26,diameter_27,diameter_28
# Data generated by simple trench deposition example.
# Relative locations of diameter measurements:
#!-1,1,0.993739,0.985983,0.976372,0.964465,0.949712,0.931434,0.908787,0.880729,0.845965,0.802894,0.749529,0.683412,0.601494,0.5,0.398506,0.316588,0.250471,0.197106,0.154035,0.119271,0.0912128,0.0685663,0.050288,0.0355352,0.023628,0.0140175,0.00626067,0
#!InputDimension=3,ExtractionInterval=1.000000
-10,1,0,8,1.6,3.95906,3.93001,3.93001,3.93001,3.86319,3.78273,3.71432,3.64592,3.57751,3.44071,3.29184,3.08662,2.86935,2.58367,2.31006,2.09278,1.88757,1.7387,1.60189,1.53349,1.46509,1.38462,1.31622,1.24391,1.24391,1.24391,5,5
-10,1,1,8.99853,3.19591,0.200123,3.90404,3.90404,3.85105,3.77382,3.77382,3.70445,3.5671,3.49802,3.34787,3.13989,2.98968,2.71026,2.34362,2.03809,1.71403,1.45722,1.24129,1.09573,0.546305,0.485377,0.549099,0.815269,1.19578,1.19578,1.63304,1.63304,8.99969
-10,1,2,9.9519,3.19352,0.200398,3.89375,3.89375,3.84715,3.77154,3.70201,3.63276,3.56482,3.42651,3.27578,3.06698,2.84629,2.5516,2.17798,1.78345,1.44118,1.08758,0.510495,0.210421,0.00338471,0.322285,0.480563,0.840404,0.840404,1.23785,1.67352,1.67352,8.40007
-10,1,3,11.0158,3.19327,0.200456,3.8933,3.84698,3.84698,3.77137,3.70192,3.63261,3.49531,3.34514,3.20681,2.9857,2.70555,2.40884,1.95325,1.44098,1.08719,0.274596,0,0,0,0.00520954,0.401179,0.756357,0.756357,1.16164,1.62104,1.7993,8.39934
-10,1,4,11.9837,3.19291,0.200599,3.89172,3.84624,3.84624,3.77089,3.70125,3.56394,3.42586,3.27547,3.13627,2.9159,2.63474,2.26527,1.783,1.22124,0.375052,0,0,0,0,0,0.21692,0.420412,0.783409,1.19022,1.6503,1.82198,9.00034
-10,1,5,12.9499,3.19223,0.200379,3.88931,3.84444,3.76854,3.69897,3.63012,3.56193,3.42444,3.27429,3.06572,2.77597,2.48033,2.10294,1.52971,0.782545,0,0,0,0,0,0,0.00215499,0.436499,0.825983,1.22504,1.37101,1.84439,6.00052
-10,0.7,0,8,1.6,3.95906,3.93001,3.93001,3.93001,3.86319,3.78273,3.71432,3.64592,3.57751,3.44071,3.29184,3.08662,2.86935,2.58367,2.31006,2.09278,1.88757,1.7387,1.60189,1.53349,1.46509,1.38462,1.31622,1.24391,1.24391,1.24391,5,5
-10,0.7,1,8.97837,2.99795,0.399689,3.88592,3.88592,3.8279,3.74978,3.74978,3.68232,3.54471,3.47636,3.3273,3.1204,2.96895,2.68998,2.32089,2.01271,1.68026,1.4195,1.20062,0.999225,0.45453,0.392489,0.482901,0.785894,1.17834,1.17834,1.62768,1.62768,8.20073
-10,0.7,2,9.98367,2.79659,0.600367,3.87812,3.87812,3.82204,3.74514,3.67777,3.60869,3.53993,3.39112,3.25403,3.04654,2.8259,2.53066,2.15618,1.75399,1.38553,0.953362,0.425849,0,0,0.159864,0.322538,0.603208,0.79771,1.13161,1.13161,1.61584,6.20133
-10,0.7,3,11.001,2.60037,0.600521,3.87472,3.81914,3.81914,3.74273,3.67512,3.6063,3.46927,3.32043,3.18234,2.96265,2.68301,2.38599,1.92626,1.49595,0.951394,0.279029,0,0,0,0,0.224854,0.448931,0.846266,0.846266,1.28105,1.60258,7.19761
-10,0.7,4,12.0106,2.60035,0.399358,3.87024,3.81567,3.81567,3.73934,3.67169,3.53375,3.38502,3.2489,3.11118,2.89038,2.61056,2.23931,1.75005,1.08476,0.276556,0,0,0,0,0,0,0.198063,0.395458,0.796899,1.25756,1.59696,7.20002
-10,0.7,5,12.9973,2.60038,0.399357,3.86883,3.81454,3.73825,3.67057,3.60125,3.53231,3.38383,3.24781,3.04035,2.7483,2.45336,2.07571,1.49266,0.421097,0,0,0,0,0,0,0,0.179614,0.36037,0.781468,1.24835,1.59855,7.19853
-10,0.4,0,8,1.6,3.95906,3.93001,3.93001,3.93001,3.86319,3.78273,3.71432,3.64592,3.57751,3.44071,3.29184,3.08662,2.86935,2.58367,2.31006,2.09278,1.88757,1.7387,1.60189,1.53349,1.46509,1.38462,1.31622,1.24391,1.24391,1.24391,5,5
-10,0.4,1,9.01957,3.51737,0.20038,3.84139,3.84139,3.77096,3.70016,3.70016,3.63221,3.49567,3.4269,3.27803,3.072,2.85319,2.642,2.26897,1.8795,1.6159,1.32527,1.02789,0.867292,0.334093,0.211995,0.299746,0.480628,0.866898,1.26589,1.26589,1.56717,2.99037
-10,0.4,2,9.98041,2.39561,3.71216,3.71216,3.76401,3.76401,3.69324,3.62569,3.55747,3.48894,3.33871,3.20319,2.98447,2.77467,2.48267,2.1012,1.6967,1.31938,0.862462,0.327821,0,0,0,0,0.376968,0.376968,0.78225,1.24512,1.59065,5.9957
-10,0.4,3,10.9689,2.20017,3.70592,3.70592,3.75757,3.75757,3.68651,3.61883,3.5511,3.4139,3.264,3.12873,2.90943,2.63024,2.33132,1.86886,1.4315,0.856664,0,0,0,0,0,0,0.250231,0.497222,0.618699,0.740407,1.22587,9.19988
-10,0.4,4,11.9629,2.2001,3.70131,3.70131,3.75292,3.68151,3.68151,3.54593,3.47739,3.32626,3.1913,3.05429,2.83461,2.54185,2.16365,1.68476,1.10174,0.156903,0,0,0,0,0,0,0,0.227195,0.454133,0.715077,1.21432,9.20081
-10,0.4,5,13.0102,2.3948,3.69712,3.69712,3.74844,3.67697,3.609,3.54109,3.4729,3.32152,3.11845,2.96868,2.6874,2.39155,2.00927,1.41866,0.309243,0,0,0,0,0,0,0,0,0,0.351039,0.822638,1.18436,9.19973
-10,0.1,0,8,1.6,3.95906,3.93001,3.93001,3.93001,3.86319,3.78273,3.71432,3.64592,3.57751,3.44071,3.29184,3.08662,2.86935,2.58367,2.31006,2.09278,1.88757,1.7387,1.60189,1.53349,1.46509,1.38462,1.31622,1.24391,1.24391,1.24391,5,5
-10,0.1,1,8.86106,3.20467,3.57318,3.57318,3.54249,3.47337,3.47337,3.38981,3.32023,3.25119,3.11565,2.96649,2.8271,2.61997,2.32487,2.02257,1.62733,1.36584,1.0994,0.869643,0.320453,0.161475,0.000955535,0.224932,0.44606,0.842711,0.842711,1.27221,1.59677,6.60034
-10,0.1,2,9.85977,3.20172,3.55715,3.51828,3.51828,3.44898,3.44898,3.36494,3.29551,3.15851,3.02552,2.87134,2.7332,2.44281,2.14127,1.7571,1.34266,0.95506,0.529736,0,0,0,0,0,0.232099,0.463331,0.718512,0.718512,1.21439,6.00097
-10,0.1,3,10.8204,3.19113,0.599918,3.49409,3.49409,3.41944,3.3353,3.2662,3.19676,3.06113,2.98344,2.77128,2.55231,2.34198,1.9677,1.57111,1.04557,0.504987,0,0,0,0,0,0,0,0.19638,0.3946,0.860178,1.21485,6.00024
-10,0.1,4,11.8234,3.1759,1.00011,3.46586,3.46586,3.38207,3.31008,3.24042,3.10292,3.03519,2.88499,2.67659,2.45478,2.15586,1.77192,1.28219,0.691504,0,0,0,0,0,0,0,0,0,0.348712,0.348712,1.01547,6.00067
-10,0.1,5,12.8537,3.16591,1.00019,3.44791,3.36569,3.36569,3.294,3.15472,3.08517,2.94121,2.79799,2.57507,2.36711,2.06221,1.59826,1.08254,0,0,0,0,0,0,0,0,0,0,0.223604,0.451499,0.800448,5.99965
-5,1,0,8,2,3.98104,3.96507,3.96507,3.96507,3.93054,3.89581,3.86108,3.82635,3.78858,3.71912,3.64967,3.54548,3.44129,3.29933,3.16041,3.05622,2.949,2.87954,2.81008,2.77535,2.74062,2.70589,2.67116,2.64179,2.64179,2.64179,5.6,5.6
-5,1,1,8.926,3.00444,3.62801,3.62801,3.8721,3.8721,3.84802,3.81107,3.77029,3.73359,3.65915,3.62128,3.50484,3.38353,3.25985,3.0382,2.77884,2.60783,2.40394,2.16794,2.11298,1.76105,1.73265,1.89538,2.08964,2.47813,2.68181,2.88589,3.18519,8.40037
-5,1,2,9.85954,2.99787,3.53091,3.73173,3.73173,3.81552,3.78306,3.78306,3.70537,3.66696,3.58824,3.51002,3.42652,3.25142,3.06743,2.79943,2.47162,2.14651,1.89979,1.33669,1.11941,1.10265,1.30806,1.60668,1.98816,2.39708,2.39708,2.85165,3.18578,8.19997
-5,1,3,10.84,2.98593,3.64987,3.64987,3.7878,3.7878,3.76933,3.73105,3.69227,3.61395,3.53198,3.45086,3.32048,3.18573,2.93602,2.64684,2.17682,1.81592,1.1395,0.751579,0.66927,0.769517,1.14007,1.49664,1.80346,2.00169,2.34404,2.81983,3.17817,8.40151
-5,1,4,11.7559,2.80033,3.61915,3.61915,3.7701,3.76343,3.76343,3.7257,3.64747,3.60824,3.48685,3.39717,3.2678,3.07969,2.81593,2.41963,1.86585,1.13783,0.624338,0.448329,0.42319,0.510138,0.81045,1.1263,1.51823,1.92646,2.3829,2.85691,3.20733,8.19996
-5,1,5,12.7887,2.79849,3.60696,3.60696,3.76252,3.76098,3.72367,3.68462,3.64536,3.56575,3.48469,3.35483,3.17557,2.97388,2.69568,2.26584,1.55389,0.709419,0.414829,0.285536,0.271453,0.374785,0.700829,0.884733,1.246,1.64327,2.05481,2.57986,3.18796,8.20021
-5,0.7,0,8,2,3.98104,3.96507,3.96507,3.96507,3.93054,3.89581,3.86108,3.82635,3.78858,3.71912,3.64967,3.54548,3.44129,3.29933,3.16041,3.05622,2.949,2.87954,2.81008,2.77535,2.74062,2.70589,2.67116,2.64179,2.64179,2.64179,5.6,5.6
-5,0.7,1,8.87655,3.20809,3.60598,3.60598,3.78555,3.78555,3.7761,3.73924,3.70265,3.66472,3.59301,3.51638,3.44135,3.31928,3.19321,2.96235,2.75834,2.52203,2.31477,2.14595,2.01404,1.67354,1.6663,1.87246,2.08095,2.47312,2.47312,2.8867,3.19639,6.20047
-5,0.7,2,9.85456,3.1728,0.200521,3.64254,3.64254,3.7042,3.67532,3.63853,3.60106,3.56408,3.49033,3.41074,3.28445,3.15694,2.95989,2.69171,2.35626,2.01035,1.72346,1.17625,0.901072,0.947134,1.14119,1.31588,1.68338,2.08009,2.32359,2.80296,3.17258,8.39955
-5,0.7,3,10.7947,2.775,0.201121,3.5919,3.67292,3.67292,3.65102,3.61483,3.57716,3.50245,3.4257,3.34299,3.21677,3.03675,2.82526,2.52437,2.05173,1.66343,0.900266,0.515202,0.415597,0.480901,0.660335,1.19569,1.59019,1.59019,2.02037,2.47895,2.80667,5.59887
-5,0.7,4,11.7745,2.5997,3.57983,3.57983,3.66449,3.64465,3.64465,3.57095,3.53346,3.46073,3.37786,3.29637,3.16894,2.97887,2.71415,2.31079,1.72081,0.897636,0.408808,0.231633,0,0.142906,0.403422,0.709944,1.10834,1.52137,1.98258,2.45779,2.80605,7.60182
-5,0.7,5,12.7776,2.59977,3.57765,3.57765,3.66215,3.64279,3.60681,3.56921,3.53161,3.45918,3.37652,3.25238,3.07704,2.87249,2.58023,2.13535,1.30551,0.492573,0.230091,0,0,0,0.141048,0.459237,0.829161,1.22763,1.65895,2.1952,2.80292,6.60244
-5,0.4,0,8,2,3.98104,3.96507,3.96507,3.96507,3.93054,3.89581,3.86108,3.82635,3.78858,3.71912,3.64967,3.54548,3.44129,3.29933,3.16041,3.05622,2.949,2.87954,2.81008,2.77535,2.74062,2.70589,2.67116,2.64179,2.64179,2.64179,5.6,5.6
-5,0.4,1,8.79923,2.80014,3.53844,3.64624,3.64624,3.63291,3.63291,3.59586,3.5608,3.52493,3.44923,3.37512,3.29513,3.17835,3.00744,2.81641,2.54522,2.36251,2.1447,1.98951,1.8522,1.53052,1.56416,1.71329,2.06181,2.45771,2.45771,2.8821,2.8821,8.40005
-5,0.4,2,9.70048,2.80447,3.25299,3.49756,3.50041,3.50041,3.46785,3.43391,3.39493,3.35512,3.2849,3.205,3.08386,2.94985,2.75867,2.47587,2.12362,1.76209,1.4764,0.8633,0.65322,0.676438,1.07363,1.27825,1.67172,2.07396,2.07396,2.34444,2.82972,8.00003
-5,0.4,3,10.6782,2.80383,3.46907,3.46907,3.46825,3.43815,3.43815,3.40276,3.32613,3.28832,3.21679,3.13637,3.01528,2.82853,2.62479,2.31639,1.83601,1.43039,0.657392,0.2577,0,0.170318,0.334874,0.884332,1.28116,1.51137,1.98637,2.46122,2.81382,5.19905
-5,0.4,4,11.7005,2.80379,3.34748,3.46922,3.46618,3.43334,3.39825,3.36174,3.32152,3.25183,3.17205,3.09124,2.96385,2.77423,2.49933,2.08163,1.50159,0.653582,0.253706,0,0,0,0.151434,0.293377,0.891775,1.12892,1.60197,1.93944,2.61014,7.59952
-5,0.4,5,12.6593,2.80383,3.2253,3.46525,3.46525,3.42993,3.39354,3.35826,3.28002,3.24808,3.12804,3.04725,2.86651,2.67268,2.37193,1.91488,1.06854,0.245925,0,0,0,0,0,0.216733,0.423416,0.826302,1.28175,1.77666,2.43008,6.99973
-5,0.1,0,8,2,3.98104,3.96507,3.96507,3.96507,3.93054,3.89581,3.86108,3.82635,3.78858,3.71912,3.64967,3.54548,3.44129,3.29933,3.16041,3.05622,2.949,2.87954,2.81008,2.77535,2.74062,2.70589,2.67116,2.64179,2.64179,2.64179,5.6,5.6
-5,0.1,1,8.57021,2.72285,0.400712,3.05277,3.05277,3.00975,2.98757,2.96861,2.92842,2.89519,2.81501,2.74669,2.67058,2.54575,2.417,2.18435,1.9732,1.74062,1.61069,1.38078,1.16174,1.1404,1.25094,1.54413,1.9389,2.35846,2.35846,2.82534,2.82534,7.00035
-5,0.1,2,9.41924,2.35624,0.200292,2.71553,2.71553,2.67545,2.63603,2.63603,2.57713,2.51812,2.4849,2.4118,2.29274,2.15372,1.96974,1.68265,1.34371,1.0955,0.76418,0.261626,0,0.273332,0.469133,0.850214,1.2489,1.67153,1.95559,2.43559,2.79378,7.6009
-5,0.1,3,10.3682,2.34111,0.40062,2.68848,2.68848,2.64889,2.60938,2.5716,2.52872,2.4912,2.42233,2.3021,2.2215,2.03634,1.8398,1.53481,1.07185,0.527088,0.122438,0,0,0,0.000263735,0.459422,0.858414,1.12504,1.60877,1.9491,2.43054,7.00108
-5,0.1,4,11.3489,2.32607,0.400824,2.66212,2.6224,2.6224,2.57958,2.54515,2.46442,2.43048,2.35743,2.23896,2.09885,1.96428,1.69229,1.2902,0.710763,0.108138,0,0,0,0,0,0.242731,0.483769,0.73837,1.22405,1.57132,2.41852,7.00091
-5,0.1,5,12.3711,1.79633,2.49559,2.49559,2.59589,2.55429,2.51887,2.47609,2.43749,2.36869,2.29073,2.16205,2.0257,1.83448,1.538,1.10071,0.316621,0,0,0,0,0,0,0,0.161412,0.330133,0.807497,1.16105,2.20447,8.40018
0,1,0,8,4,4,4,4,4,4,4,4,4,4,4,4,4,4,4,4,4,4,4,4,4,4,4,4,4,4,4,6.2,7.8
0,1,1,8.82962,2.80012,3.54293,3.54293,3.86412,3.88428,3.88428,3.88555,3.88462,3.87583,3.86277,3.84846,3.83663,3.80735,3.7561,3.68938,3.58332,3.50043,3.39507,3.3173,3.27859,3.0402,3.01958,3.18494,3.54863,3.95893,3.95893,4.41949,4.41949,7.39889
0,1,2,9.67748,2.80049,3.54841,3.63521,3.72183,3.80303,3.80303,3.80865,3.80005,3.78019,3.76799,3.74322,3.70214,3.65525,3.56649,3.42416,3.21516,2.99906,2.79643,2.47307,2.25007,2.26917,2.60366,2.8717,3.26558,3.67203,3.93813,3.93813,4.42119,6.59976
0,1,3,10.5739,2.79441,0.800758,3.56851,3.71166,3.71166,3.75607,3.75274,3.74256,3.71698,3.70331,3.66174,3.6035,3.53363,3.41873,3.17236,2.88313,2.52491,2.10126,1.69143,1.66171,1.88932,2.05888,2.775,3.1812,3.1812,3.62372,3.92652,4.41663,6.59985
0,1,4,11.5056,2.80661,3.21487,3.62405,3.62405,3.71257,3.72072,3.71195,3.69848,3.67116,3.63929,3.60148,3.54177,3.42909,3.24554,2.9375,2.57945,2.05216,1.37642,1.1898,1.21692,1.44795,1.90773,2.48611,2.88423,3.12312,3.58876,4.06368,4.40925,7.80304
0,1,5,12.4652,2.8003,1.97971,3.55944,3.55944,3.67628,3.70075,3.69473,3.66642,3.65327,3.60492,3.56,3.46403,3.34222,3.13261,2.77969,2.24967,1.32561,0.944101,0.844695,0.947369,1.20315,1.65307,2.01088,2.40406,2.818,3.26459,4.04567,4.40369,7.60042
0,0.7,0,8,4,4,4,4,4,4,4,4,4,4,4,4,4,4,4,4,4,4,4,4,4,4,4,4,4,4,4,6.2,7.8
0,0.7,1,8.78673,2.80031,0.201048,3.66235,3.66235,3.76802,3.76802,3.77158,3.76864,3.76526,3.75308,3.73827,3.72562,3.69599,3.64692,3.57798,3.46804,3.37763,3.27197,3.1426,3.15482,2.91961,2.90986,3.12569,3.51582,3.51582,3.93388,3.93388,4.40768,9.3998
0,0.7,2,9.59003,2.7977,0.200908,3.55754,3.55754,3.61893,3.6213,3.6213,3.61866,3.6007,3.59181,3.55446,3.53425,3.48071,3.39415,3.23958,3.03198,2.7933,2.59403,2.28331,2.058,2.09916,2.46577,2.83345,3.23174,3.23174,3.64922,3.93729,4.42312,7.79991
0,0.7,3,10.5247,2.60554,3.20022,3.20022,3.49384,3.52224,3.52224,3.52362,3.50391,3.49436,3.46591,3.44143,3.38494,3.31399,3.16357,2.94314,2.64493,2.24343,1.84496,1.36868,1.34315,1.57465,2.05552,2.44035,2.83937,3.26443,3.54706,4.03063,4.39592,7.40045
0,0.7,4,11.4215,2.59866,3.12399,3.31692,3.31692,3.46763,3.47555,3.4676,3.45659,3.43267,3.40061,3.37626,3.31436,3.20941,3.02663,2.70358,2.3221,1.70484,1.06233,0.823736,0.848594,1.08958,1.57239,1.95012,2.35058,2.7774,3.23658,3.55778,4.40888,7.39983
0,0.7,5,12.4478,2.58948,0.201942,3.25814,3.43878,3.43878,3.45101,3.44383,3.42433,3.3942,3.36739,3.33782,3.23789,3.11592,2.90297,2.53339,1.92768,1.03191,0.600781,0.437165,0.469755,0.709718,1.18539,1.55996,1.95999,2.38548,2.84381,3.63975,4.00113,7.80009
0,0.4,0,8,4,4,4,4,4,4,4,4,4,4,4,4,4,4,4,4,4,4,4,4,4,4,4,4,4,4,4,6.2,7.8
0,0.4,1,8.72859,2.60088,3.22765,3.48687,3.52718,3.52718,3.53429,3.52908,3.52813,3.52185,3.51521,3.50017,3.47949,3.44912,3.40543,3.31967,3.22013,3.10094,3.03742,2.90934,2.80291,2.69425,2.72163,2.86283,3.19491,3.59449,3.59449,4.0358,4.37648,6.79936
0,0.4,2,9.51315,2.40008,3.13612,3.13612,3.23171,3.2423,3.2423,3.24098,3.23805,3.21946,3.20736,3.18436,3.14762,3.09268,2.99583,2.82724,2.64402,2.40534,2.16979,1.84923,1.6853,1.89172,2.06386,2.41635,2.81506,3.22942,3.68201,3.68201,4.1892,7.5982
0,0.4,3,10.4008,2.39997,2.86256,2.86256,3.08391,3.08391,3.08723,3.08599,3.074,3.05423,3.03,3.00566,2.95064,2.87761,2.74914,2.51798,2.12644,1.79925,1.2861,0.910033,0.941883,1.12246,1.6297,2.02353,2.42323,2.85583,3.14572,3.62981,3.99074,7.40002
0,0.4,4,11.3473,2.41017,2.80719,2.80719,3.02734,3.0332,3.03262,3.02092,3.01428,2.99058,2.97771,2.93735,2.87684,2.7651,2.61291,2.2898,1.77364,1.07364,0.628211,0.327576,0.298363,0.668764,0.863368,1.63123,2.04224,2.48778,2.7825,3.26111,3.98943,7.19825
0,0.4,5,12.3471,2.40928,2.80098,3.02054,3.02054,3.02677,3.02634,3.01439,3.00801,2.98455,2.96055,2.91284,2.8452,2.73096,2.51597,2.05512,1.44982,0.623333,0.243697,0,0,0.135621,0.462502,0.83928,1.6576,1.92846,2.40808,3.22933,3.98723,7.59921
0,0.1,0,8,4,4,4,4,4,4,4,4,4,4,4,4,4,4,4,4,4,4,4,4,4,4,4,4,4,4,4,6.2,7.8
0,0.1,1,8.39852,2.39551,0.201115,2.84235,2.84235,2.8395,2.8395,2.83186,2.8277,2.82483,2.81645,2.81226,2.80133,2.78058,2.74028,2.69549,2.63592,2.55205,2.49284,2.45898,2.34695,2.3628,2.47585,2.77517,3.16795,3.58303,3.58303,4.04432,4.04432,6.99914
0,0.1,2,8.97732,1.91121,0.20293,2.03977,2.03977,2.05914,2.05268,2.05268,2.04306,2.03215,2.02334,2.01264,1.97517,1.92017,1.85878,1.71214,1.53983,1.33262,1.13817,0.957296,1.06178,1.49821,1.69275,2.07936,2.4782,2.71786,3.18916,3.66333,4.01143,7.39982
0,0.1,3,9.81798,1.19417,0.200672,1.85101,1.85101,1.83012,1.82189,1.82189,1.81187,1.80133,1.79143,1.76772,1.73192,1.64701,1.52985,1.31611,1.00836,0.631909,0.243792,0,0.216965,0.432345,1.18975,1.60415,2.04468,2.33098,2.81386,3.15893,4.0097,7.3996
0,0.1,4,10.8167,1.1879,0.201054,1.82753,1.82753,1.80695,1.79846,1.79657,1.78872,1.77448,1.76767,1.72808,1.66945,1.59943,1.43846,1.1818,0.740726,0.225498,0,0,0,0.148732,0.296528,0.707688,1.1567,1.93534,2.4204,3.24679,3.81146,7.39997
0,0.1,5,11.8049,1.5649,0.201421,1.75231,1.78984,1.78984,1.78132,1.77899,1.76042,1.757,1.74444,1.68994,1.6271,1.51905,1.32512,0.955951,0.301385,0,0,0,0,0,0.162663,0.324062,0.752996,1.393,2.03808,2.76641,3.61531,7.40011
5,1,0,8,0.6,0.6,4.0347,4.0347,4.0347,4.06946,4.10419,4.13892,4.17365,4.21142,4.28088,4.35033,4.45452,4.55871,4.70067,4.83959,4.94378,5.051,5.12046,5.18992,5.22465,5.25938,5.29411,5.32884,5.34795,5.34795,7.6,7.6,7.6
5,1,1,8.74053,3.1775,3.65729,3.65729,3.90233,3.90233,3.93759,3.93759,3.96528,4.01875,4.04303,4.09174,4.13742,4.20494,4.27624,4.33585,4.39173,4.4116,4.40996,4.40728,4.49108,4.30588,4.32019,4.47345,4.82784,5.22587,5.22587,5.65705,5.65705,8.20039
5,1,2,9.5152,2.8052,1.62027,3.55062,3.72068,3.72068,3.81438,3.84367,3.86763,3.88722,3.92424,3.95144,3.99079,4.01954,4.03725,4.02475,3.98165,3.87671,3.79779,3.65187,3.47193,3.58803,3.94574,4.33105,4.73702,4.73702,5.17727,5.64614,5.82094,8.19974
5,1,3,10.3324,2.77825,3.24779,3.36893,3.63623,3.63623,3.72177,3.75682,3.77661,3.80733,3.82348,3.84583,3.85905,3.8602,3.82631,3.73509,3.51813,3.34546,3.19513,2.80701,2.82132,3.12303,3.6463,4.04231,4.44209,4.44209,4.87372,5.16044,5.64015,7.19897
5,1,4,11.2618,2.40117,0.202223,3.27285,3.59066,3.59066,3.66458,3.69299,3.71024,3.73715,3.74271,3.75187,3.75283,3.72343,3.63475,3.47756,3.17541,2.83014,2.36112,2.15404,2.33242,2.72034,3.25884,3.65489,4.05626,4.48653,4.76128,5.24003,5.59085,8.79954
5,1,5,12.1621,2.40052,3.15425,3.15425,3.48541,3.59183,3.63736,3.65963,3.67139,3.69275,3.69467,3.69673,3.67997,3.62549,3.49215,3.22885,2.85083,2.24916,1.76359,1.71994,1.89026,2.25577,2.77698,3.16088,3.56433,3.98806,4.74548,5.23036,5.59097,9.00612
5,0.7,0,8,0.6,0.6,4.0347,4.0347,4.0347,4.06946,4.10419,4.13892,4.17365,4.21142,4.28088,4.35033,4.45452,4.55871,4.70067,4.83959,4.94378,5.051,5.12046,5.18992,5.22465,5.25938,5.29411,5.32884,5.34795,5.34795,7.6,7.6,7.6
5,0.7,1,8.67949,2.80034,3.57604,3.57604,3.73,3.73,3.7863,3.82155,3.84975,3.87329,3.90545,3.95054,4.02149,4.06423,4.14525,4.20465,4.25862,4.28047,4.29251,4.291,4.36315,4.19371,4.26062,4.43547,4.7954,5.20389,5.20389,5.65583,5.65583,7.1997
5,0.7,2,9.45341,2.79675,3.13744,3.30204,3.47094,3.53843,3.53843,3.57512,3.59533,3.64116,3.65895,3.69334,3.73398,3.75674,3.77381,3.75092,3.69104,3.61046,3.52853,3.34194,3.22613,3.45889,3.64848,4.01233,4.41152,4.82921,4.82921,5.28106,5.60303,8.00033
5,0.7,3,10.2196,2.39985,0.200834,3.24681,3.24681,3.37828,3.42079,3.42079,3.45892,3.47854,3.50456,3.52378,3.54144,3.54471,3.50665,3.39146,3.1807,3.0242,2.78802,2.47989,2.51972,2.81893,3.13345,3.51759,3.92062,4.34882,4.8097,5.13743,5.62261,8.40034
5,0.7,4,11.1083,2.40888,2.80811,3.19078,3.19078,3.28058,3.30928,3.32855,3.34923,3.36005,3.38074,3.40145,3.38763,3.37352,3.2844,3.05921,2.76187,2.36308,1.93761,1.76968,1.97542,2.391,2.73857,3.13417,3.54152,3.97027,4.43184,4.98897,5.59943,8.20033
5,0.7,5,11.9721,2.38681,2.89329,2.98286,3.12905,3.18494,3.2332,3.25476,3.28736,3.30057,3.31658,3.3239,3.30521,3.25861,3.12097,2.8244,2.48055,1.74,1.32601,1.24494,1.48057,1.90221,2.45176,2.84774,3.24847,3.67702,4.42691,4.76982,5.43148,8.20016
5,0.4,0,8,0.6,0.6,4.0347,4.0347,4.0347,4.06946,4.10419,4.13892,4.17365,4.21142,4.28088,4.35033,4.45452,4.55871,4.70067,4.83959,4.94378,5.051,5.12046,5.18992,5.22465,5.25938,5.29411,5.32884,5.34795,5.34795,7.6,7.6,7.6
5,0.4,1,8.61014,2.79223,0.400725,3.37742,3.37742,3.49082,3.49082,3.51438,3.5428,3.571,3.62428,3.67733,3.72175,3.78026,3.84907,3.92323,3.97293,4.00234,4.02056,4.0403,3.99814,3.95056,4.0242,4.29053,4.49879,4.89239,5.12009,5.60184,5.60184,8.59892
5,0.4,2,9.25418,2.40023,1.58078,1.58078,3.04569,3.07621,3.07621,3.10161,3.12769,3.1689,3.19209,3.22656,3.25887,3.28975,3.30391,3.28589,3.23029,3.14787,3.11926,2.90365,2.88798,3.17965,3.507,3.90786,4.32267,4.32267,4.77818,5.25061,5.59911,10
5,0.4,3,10.0088,1.99501,0.402435,2.71233,2.71233,2.77823,2.80619,2.82919,2.84865,2.86636,2.896,2.92235,2.93512,2.93906,2.89669,2.78656,2.60154,2.4408,2.01442,1.92278,2.1447,2.38742,3.11682,3.52347,3.95344,3.95344,4.41955,4.98388,5.59731,9.00043
5,0.4,4,10.8416,2.00051,2.34029,2.5115,2.5115,2.61862,2.64398,2.66487,2.6826,2.69782,2.7247,2.73546,2.74116,2.71257,2.61257,2.42071,2.04696,1.61709,1.18842,1.18895,1.46307,1.95298,2.33122,2.73343,3.15217,3.59969,4.38692,4.7432,5.41264,9.00012
5,0.4,5,11.7517,1.95367,0.398472,2.39302,2.51479,2.51479,2.55684,2.57959,2.61593,2.628,2.65448,2.65738,2.65943,2.59441,2.45278,2.18209,1.66225,1.0037,0.659807,0.533526,0.748491,1.1943,1.94612,2.35158,2.78583,3.24227,4.02699,4.37529,5.2206,10
5,0.1,0,8,0.6,0.6,4.0347,4.0347,4.0347,4.06946,4.10419,4.13892,4.17365,4.21142,4.28088,4.35033,4.45452,4.55871,4.70067,4.83959,4.94378,5.051,5.12046,5.18992,5.22465,5.25938,5.29411,5.32884,5.34795,5.34795,7.6,7.6,7.6
5,0.1,1,8.27605,2.01562,2.77041,2.77041,2.81544,2.81544,2.84554,2.87548,2.87548,2.93411,2.96419,3.02874,3.08194,3.15779,3.24116,3.33767,3.45498,3.51999,3.58473,3.63054,3.61806,3.67556,3.89496,4.08943,4.47811,4.87717,5.14031,5.14031,5.62462,9.20011
5,0.1,2,8.69199,1.20105,1.5715,1.70594,1.70594,1.74728,1.74728,1.77296,1.79431,1.82948,1.87143,1.91645,1.94986,1.98231,2.01946,2.05306,2.05794,2.03971,1.97508,2.05757,2.38996,2.70205,3.28981,3.68937,3.92402,4.3874,4.86115,5.03282,5.58409,8.20012
5,0.1,3,9.29456,0.607986,1.09678,1.09678,1.12635,1.12635,1.14659,1.17594,1.20489,1.22717,1.26107,1.28133,1.29659,1.29503,1.28879,1.19017,1.02648,0.79328,0.7423,0.923596,1.30772,2.00256,2.40171,2.81392,3.25748,4.0136,4.35262,4.8333,5.20375,8.19995
5,0.1,4,10.203,0.740775,0.917238,0.917238,1.01492,1.01492,1.04403,1.07016,1.09255,1.1077,1.13244,1.16116,1.1641,1.14949,1.08627,0.928918,0.66068,0.262809,0,0,0.362451,1.1084,1.51347,2.38558,2.84892,3.15553,3.98251,4.35275,5.20613,8.20018
5,0.1,5,11.1871,0.72424,0.892737,0.892737,0.983506,0.983506,1.01622,1.04233,1.0651,1.10065,1.12003,1.13523,1.13407,1.11225,0.996429,0.796144,0.310349,0,0,0,0,0.427055,0.825638,1.68797,1.96822,2.76629,3.60063,4.20279,5.01005,9.2
10,1,0,8,3.6,3.6,4.06799,4.06799,4.06799,4.13681,4.21727,4.28568,4.35408,4.42249,4.55929,4.70816,4.91338,5.13065,5.41633,5.68994,5.90722,6.11243,6.2613,6.39811,6.46651,6.53491,6.61538,6.68378,6.75193,6.75193,6.75193,8.6,8.6
10,1,1,8.66179,2.79889,3.57947,3.57947,3.90006,3.90006,3.97638,4.0348,4.09218,4.1515,4.21971,4.32499,4.48694,4.65525,4.80204,4.99158,5.22244,5.34785,5.47313,5.58198,5.64734,5.66113,5.68746,5.90941,6.20138,6.39643,6.72574,6.72574,7.20705,9.20011
10,1,2,9.352,2.79275,0.601902,3.56683,3.56683,3.74153,3.85681,3.85681,3.96364,4.01293,4.09859,4.18241,4.26906,4.3893,4.52125,4.67101,4.75419,4.81561,4.81961,4.89965,4.811,4.85894,5.24762,5.61955,6.01858,6.22928,6.44114,6.73172,7.21955,8.60021
10,1,3,10.1481,2.39722,3.17588,3.17588,3.5519,3.5519,3.68188,3.75521,3.81146,3.88859,3.95281,4.0193,4.07841,4.18377,4.24673,4.30046,4.29447,4.1981,4.17417,4.01296,4.10964,4.31285,4.83551,5.23116,5.63194,6.06054,6.33972,6.82265,7.18132,9.20269
10,1,4,10.9301,2.40268,1.96742,3.13185,3.46538,3.58855,3.58855,3.66286,3.75023,3.7823,3.8349,3.88591,3.95084,4.01446,4.03604,3.99516,3.90587,3.79572,3.40901,3.35987,3.56631,3.9977,4.35027,4.7405,5.14536,5.57339,6.03047,6.82773,7.19292,8.19874
10,1,5,11.7472,2.41538,2.83895,3.12287,3.31684,3.53319,3.53319,3.6454,3.67837,3.72833,3.77607,3.81258,3.86016,3.88918,3.85498,3.74009,3.4387,3.13042,2.77933,2.8293,3.08189,3.51632,4.06406,4.45569,4.85628,5.54103,6.01448,6.34601,6.82974,9.00074
10,0.7,0,8,3.6,3.6,4.06799,4.06799,4.06799,4.13681,4.21727,4.28568,4.35408,4.42249,4.55929,4.70816,4.91338,5.13065,5.41633,5.68994,5.90722,6.11243,6.2613,6.39811,6.46651,6.53491,6.61538,6.68378,6.75193,6.75193,6.75193,8.6,8.6
10,0.7,1,8.59361,2.80002,3.50413,3.66113,3.66113,3.78508,3.78508,3.8574,3.91983,3.97554,4.09149,4.21116,4.3204,4.48198,4.63853,4.88154,5.06883,5.20185,5.33149,5.46047,5.52261,5.539,5.61102,5.87821,6.08911,6.48312,6.72223,6.72223,7.20995,9.39991
10,0.7,2,9.26103,2.39974,3.13195,3.31954,3.31954,3.50943,3.50943,3.56952,3.62209,3.66913,3.76504,3.85716,3.98297,4.09959,4.2011,4.35133,4.44609,4.52564,4.58425,4.57376,4.53066,4.78562,5.09813,5.30067,5.69449,5.90786,6.3655,6.8412,7.19603,9.59877
10,0.7,3,9.99914,2.38055,2.85586,2.85586,3.21515,3.21515,3.30291,3.35612,3.40562,3.44793,3.52343,3.59607,3.68653,3.76844,3.84069,3.88105,3.87732,3.8231,3.73182,3.63955,3.85076,4.01166,4.70083,5.00494,5.41743,5.76267,5.99351,6.46465,6.99446,8.59945
10,0.7,4,10.7325,1.99796,0.400781,2.78365,3.05919,3.05919,3.13834,3.18887,3.23199,3.30305,3.36662,3.42428,3.48805,3.53524,3.55282,3.50696,3.35714,3.25766,2.91729,2.95588,3.20655,3.655,4.01386,4.81112,5.23963,5.51347,5.99418,6.33891,6.8212,8.99905
10,0.7,5,11.5923,1.99099,2.46911,2.73157,2.89858,2.89858,3.02128,3.06808,3.14205,3.17144,3.22971,3.29738,3.34057,3.35953,3.32307,3.17303,2.89148,2.4872,2.20496,2.29745,2.51325,3.24703,3.62485,4.02387,4.86273,5.13181,5.6109,6.18943,6.80158,8.99757
10,0.4,0,8,3.6,3.6,4.06799,4.06799,4.06799,4.13681,4.21727,4.28568,4.35408,4.42249,4.55929,4.70816,4.91338,5.13065,5.41633,5.68994,5.90722,6.11243,6.2613,6.39811,6.46651,6.53491,6.61538,6.68378,6.75193,6.75193,6.75193,8.6,8.6
10,0.4,1,8.50687,2.80916,3.19884,3.19884,3.44475,3.44475,3.50392,3.56246,3.61734,3.68049,3.73729,3.85884,3.96994,4.1427,4.35489,4.55565,4.75387,4.94676,5.08816,5.17979,5.27138,5.28469,5.60357,5.60357,5.97358,6.3812,6.3812,6.83036,7.00408,9.40032
10,0.4,2,9.04238,2.39605,2.71065,2.85787,2.85787,2.96045,2.96045,3.03122,3.08234,3.13055,3.23106,3.3175,3.42308,3.54355,3.69333,3.8447,3.95302,4.05098,4.132,4.10704,4.16358,4.47794,4.7987,5.18404,5.58997,6.02657,6.32191,6.32191,6.8112,8.39963
10,0.4,3,9.65958,1.80488,2.33562,2.33562,2.4802,2.57303,2.57303,2.63641,2.67772,2.77034,2.80726,2.88041,2.98279,3.05901,3.14065,3.17756,3.21158,3.20602,3.09412,3.16413,3.49657,3.67478,4.39331,4.79318,5.22321,5.6763,5.97774,6.45559,6.81155,8.4004
10,0.4,4,10.3753,1.59001,1.90974,2.08357,2.08357,2.2758,2.32713,2.36815,2.41266,2.45687,2.51351,2.58459,2.657,2.7106,2.71595,2.66954,2.51127,2.314,2.17002,2.34962,2.71415,3.22501,3.60695,4.4211,4.86194,5.14506,5.6252,5.96677,6.81476,10
10,0.4,5,11.2471,1.19822,0.201334,1.96464,1.96464,2.07491,2.13057,2.17273,2.22493,2.28111,2.35005,2.39331,2.43179,2.4511,2.38546,2.24945,1.94999,1.46742,1.34898,1.51067,2.02191,2.71608,3.11768,3.52496,4.41727,4.71947,5.20444,6.03035,6.40283,9.59888
10,0.1,0,8,3.6,3.6,4.06799,4.06799,4.06799,4.13681,4.21727,4.28568,4.35408,4.42249,4.55929,4.70816,4.91338,5.13065,5.41633,5.68994,5.90722,6.11243,6.2613,6.39811,6.46651,6.53491,6.61538,6.68378,6.75193,6.75193,6.75193,8.6,8.6
10,0.1,1,8.21574,1.99924,2.72793,2.81789,2.81789,2.89015,2.89015,2.9452,3.01975,3.08791,3.15224,3.28008,3.41102,3.60107,3.78274,4.09617,4.34656,4.52323,4.70812,4.82785,4.92838,5.05211,5.21485,5.55559,5.95555,6.37862,6.37862,6.84574,6.84574,8.59804
10,0.1,2,8.4979,1.20372,1.54533,1.54533,1.63458,1.63458,1.70076,1.75976,1.82144,1.88206,1.93413,2.03252,2.20235,2.30229,2.49707,2.69252,2.91936,3.05952,3.17567,3.33425,3.68886,3.99687,4.36997,4.77009,5.19041,5.63532,5.93246,6.41925,6.78295,8.59317
10,0.1,3,8.89596,0.413076,0.722325,0.722325,0.783409,0.783409,0.842059,0.894458,0.942652,0.989349,1.08095,1.16293,1.23689,1.33461,1.45334,1.55725,1.65572,1.69605,1.8925,2.40136,2.90298,3.28051,3.88149,4.3179,4.77485,5.24436,5.56513,6.04578,6.59741,7.7979
10,0.1,4,9.53908,0.158735,0.158735,0.31448,0.378942,0.378942,0.430201,0.475468,0.509682,0.54985,0.620316,0.673688,0.710421,0.767807,0.793458,0.758384,0.640564,0.54639,0.769377,1.31386,1.99871,2.59075,3.21393,3.654,4.3946,4.7942,5.20285,6.0373,6.60394,7.79853
10,0.1,5,10.5222,0.155001,0.155001,0.310018,0.310018,0.358155,0.358155,0.403583,0.477846,0.509324,0.565436,0.618143,0.66236,0.68758,0.675246,0.566792,0.226622,0,0,0.275524,0.817639,1.60585,2.44667,3.03355,3.64437,4.44146,4.78737,5.62639,6.39154,8.59734
15,1,0,8,3.4,3.4,4.09782,4.09782,4.09782,4.22679,4.32679,4.42679,4.52679,4.65359,4.85359,5.08038,5.38038,5.70718,6.13397,6.56077,6.88756,7.21436,7.44115,7.64115,7.74115,7.86795,7.96795,8.06795,8.15421,8.15421,9.4,9.4,9.4
15,1,1,8.60124,2.99452,3.51111,3.87196,3.87196,3.98708,3.98708,4.08541,4.1741,4.27871,4.45338,4.64015,4.8096,5.07781,5.32749,5.73596,6.06656,6.39292,6.54514,6.78723,6.97853,6.97914,7.06616,7.2297,7.60335,8.00317,8.00317,8.44747,8.44747,9.59909
15,1,2,9.2045,2.79821,1.58208,3.6031,3.6031,3.83903,3.83903,3.92622,4.0046,4.15862,4.24468,4.38228,4.61078,4.81069,5.01991,5.32455,5.61949,5.84603,6.01379,6.14423,6.12278,6.30168,6.71495,7.11443,7.52625,7.52625,7.97244,8.44604,8.44604,9.59949
15,1,3,9.91064,2.39963,3.13187,3.13187,3.5094,3.65819,3.65819,3.7634,3.85762,3.99175,4.04872,4.23303,4.34225,4.55665,4.74107,4.95078,5.11197,5.20388,5.37048,5.27901,5.46956,5.63162,6.32641,6.72817,7.1451,7.5996,7.5996,8.06776,8.40227,9.80111
15,1,4,10.6146,2.39477,0.201745,3.19253,3.19253,3.49663,3.60802,3.69106,3.76205,3.82784,3.92894,4.07874,4.17578,4.32334,4.45516,4.58468,4.7003,4.75674,4.61113,4.62591,4.86062,5.29474,6.03993,6.43935,6.85792,7.11604,7.58954,8.06594,8.41482,9.7999
15,1,5,11.3567,2.3758,2.8485,3.10311,3.28634,3.28634,3.49572,3.57987,3.69997,3.74903,3.83384,3.95848,4.06101,4.15351,4.22881,4.28387,4.19015,4.19763,3.93262,4.04821,4.33804,4.80437,5.54893,5.94959,6.371,6.81643,7.27876,7.94388,8.42328,9.80003
15,0.7,0,8,3.4,3.4,4.09782,4.09782,4.09782,4.22679,4.32679,4.42679,4.52679,4.65359,4.85359,5.08038,5.38038,5.70718,6.13397,6.56077,6.88756,7.21436,7.44115,7.64115,7.74115,7.86795,7.96795,8.06795,8.15421,8.15421,9.4,9.4,9.4
15,0.7,1,8.56682,2.80396,3.2335,3.53836,3.69915,3.69915,3.85839,3.90072,4.02961,4.11315,4.22129,4.39936,4.5676,4.8398,5.18616,5.5269,5.8635,6.17151,6.42127,6.576,6.77101,6.78489,7.10703,7.30732,7.69825,7.69825,7.91702,8.39302,8.39302,10
15,0.7,2,9.08106,2.00041,3.14054,3.14054,3.32261,3.32261,3.52398,3.60799,3.67871,3.7569,3.92898,4.07957,4.23719,4.44406,4.72142,4.97149,5.29284,5.52416,5.70958,5.81567,5.84874,6.10265,6.42486,6.81256,7.21225,7.64039,7.7844,7.92985,8.41731,10
15,0.7,3,9.72139,1.79871,2.77417,2.77417,3.1119,3.1119,3.22687,3.3077,3.37251,3.45461,3.59138,3.7189,3.9089,4.06375,4.26245,4.47438,4.65812,4.7806,4.89628,4.8969,5.16178,5.64536,6.02421,6.42332,6.83511,7.27493,7.56687,8.04685,8.3981,9.59974
15,0.7,4,10.4254,1.7939,2.47355,2.72643,2.81149,2.89447,3.0335,3.09506,3.16345,3.28552,3.34001,3.50632,3.59062,3.75472,3.87896,4.00238,4.04546,4.15092,4.00469,4.11475,4.41194,4.88028,5.63873,6.03849,6.45994,6.72008,7.19486,7.84118,8.38636,9.59988
15,0.7,5,11.1144,1.60097,2.39207,2.39207,2.72208,2.72208,2.8317,2.90582,3.0402,3.08756,3.19068,3.2819,3.38271,3.49723,3.59049,3.60169,3.54817,3.46352,3.30235,3.52113,3.88043,4.38209,5.14839,5.55222,5.98447,6.73343,7.21617,7.55972,8.03671,9.59993
15,0.4,0,8,3.4,3.4,4.09782,4.09782,4.09782,4.22679,4.32679,4.42679,4.52679,4.65359,4.85359,5.08038,5.38038,5.70718,6.13397,6.56077,6.88756,7.21436,7.44115,7.64115,7.74115,7.86795,7.96795,8.06795,8.15421,8.15421,9.4,9.4,9.4
15,0.4,1,8.42099,2.59657,3.12078,3.29597,3.29597,3.51248,3.51248,3.60551,3.69719,3.78584,3.9815,4.16306,4.35632,4.5369,4.89552,5.25027,5.69868,5.96464,6.23475,6.40035,6.5675,6.63436,6.76788,7.08103,7.2918,7.68761,7.924,8.40582,8.40582,9.19372
15,0.4,2,8.85781,2.00008,0.200009,2.82846,2.82846,2.94286,2.94286,3.05393,3.13469,3.21447,3.37021,3.54145,3.6964,3.92603,4.22365,4.49433,4.84139,5.04645,5.2706,5.35516,5.51273,5.93044,6.29588,6.60231,7.01311,7.1274,7.58834,8.06142,8.4079,8.99643
15,0.4,3,9.35921,1.59589,0.201488,2.3121,2.3121,2.42389,2.51465,2.58958,2.66667,2.74103,2.8138,2.94849,3.14095,3.31156,3.53536,3.78498,3.96293,4.1494,4.24614,4.44384,4.81018,5.13258,5.91633,6.32927,6.7801,6.7801,7.24488,7.56624,8.04566,9.19961
15,0.4,4,9.99813,1.19193,0.202283,1.89035,1.89035,2.00601,2.08388,2.14445,2.22701,2.29037,2.40912,2.51501,2.65989,2.78226,2.91481,3.06175,3.115,3.20807,3.25952,3.49383,4.10071,4.44497,5.22984,5.64451,6.07958,6.58865,7.15638,7.63788,8.00406,9.80009
15,0.4,5,10.6867,0.800762,1.51352,1.51352,1.65841,1.76112,1.76112,1.84811,1.96924,2.02994,2.12349,2.22173,2.32383,2.4229,2.48805,2.50529,2.48738,2.32176,2.44086,2.86518,3.31837,4.0433,4.44199,5.27306,5.53138,6.00006,6.80212,7.15771,8.00892,9.40145
15,0.1,0,8,3.4,3.4,4.09782,4.09782,4.09782,4.22679,4.32679,4.42679,4.52679,4.65359,4.85359,5.08038,5.38038,5.70718,6.13397,6.56077,6.88756,7.21436,7.44115,7.64115,7.74115,7.86795,7.96795,8.06795,8.15421,8.15421,9.4,9.4,9.4
15,0.1,1,8.18503,2.34525,0.199324,2.77185,2.77185,2.88369,2.98492,2.98492,3.10327,3.19533,3.39488,3.5026,3.78688,3.99877,4.40208,4.79257,5.18882,5.49806,5.78096,5.98619,6.16318,6.31249,6.79219,6.79219,7.18428,7.60278,8.05946,8.05946,8.39275,9.39491
15,0.1,2,8.36176,1.18459,0.396376,1.62189,1.62189,1.75934,1.87392,1.87392,1.96139,2.05368,2.25319,2.42555,2.62284,2.88304,3.15225,3.50665,3.96264,4.23478,4.48108,4.73104,5.15473,5.49812,6.09534,6.30534,6.74864,7.21287,7.53781,8.02282,8.39623,9.39799
15,0.1,3,8.61822,0.388305,0.193678,0.741765,0.741765,0.815913,0.815913,0.899903,0.981753,1.08086,1.23161,1.38924,1.55319,1.76063,1.98604,2.36638,2.67508,2.94769,3.18747,3.7308,4.41396,4.81026,5.21017,5.63386,6.35948,6.83747,7.17476,7.65311,8.20869,9.39905
15,0.1,4,9.07094,0.00653876,0.00653876,0.00653876,0.00653876,0.00653876,0.128041,0.236839,0.278427,0.327738,0.427925,0.526278,0.608826,0.752233,0.920932,1.15705,1.32195,1.60422,2.07049,2.85928,3.22733,4.02486,4.4429,5.14364,5.61374,6.41219,6.76512,7.24369,7.99453,9.39835
15,0.1,5,10.033,0,0,0,0,0,0,0,0,0,0,0.221901,0.275182,0.32373,0.362601,0.386122,0.303625,0.39413,1.07153,1.58521,2.33471,3.14544,4.01425,4.47163,5.24011,5.56408,6.39847,7.00133,7.80818,9.60093
