# taperAngle,stickingProbability,{extractionStep,depth,diameters...}
# Data generated by simple trench deposition example.
# Relative locations of diameter measurements:
#!-1,0.983333,0.95,0.916667,0.883333,0.85,0.816667,0.783333,0.75,0.716667,0.683333,0.65,0.616667,0.583333,0.55,0.516667,0.483333,0.45,0.416667,0.383333,0.35,0.316667,0.283333,0.25,0.216667,0.183333,0.15,0.116667,0.0833333,0.05,0.0166667,0.983333,0.95,0.916667,0.883333,0.85,0.816667,0.783333,0.75,0.716667,0.683333,0.65,0.616667,0.583333,0.55,0.516667,0.483333,0.45,0.416667,0.383333,0.35,0.316667,0.283333,0.25,0.216667,0.183333,0.15,0.116667,0.0833333,0.05,0.0166667
#!InputDimension=2,ExtractionInterval=1.000000
-10,1,0,8,0.626387,0.675784,0.721629,0.767474,0.813319,0.859164,0.905009,0.950854,0.996699,1.04254,1.08839,1.13423,1.18008,1.22592,1.27177,1.31761,1.36346,1.4093,1.45515,1.50099,1.54684,1.59268,1.63853,1.68437,1.73022,1.77606,1.82191,1.86775,1.9136,1.95922,-0.626387,-0.675784,-0.721629,-0.767474,-0.813319,-0.859164,-0.905009,-0.950854,-0.996699,-1.04254,-1.08839,-1.13423,-1.18008,-1.22592,-1.27177,-1.31761,-1.36346,-1.4093,-1.45515,-1.50099,-1.54684,-1.59268,-1.63853,-1.68437,-1.73022,-1.77606,-1.82191,-1.86775,-1.9136,-1.95922,1,8.91335,0.609983,0.353217,0.271158,0.367947,0.531788,0.493468,0.604213,0.668387,0.735798,0.861567,0.936872,0.96933,1.06467,1.10683,1.1466,1.20854,1.26955,1.32238,1.37397,1.42248,1.47712,1.53104,1.58272,1.6329,1.68615,1.73791,1.7896,1.84008,1.89276,1.9403,-0.616073,-0.356966,-0.269748,-0.367492,-0.533364,-0.514848,-0.652853,-0.690628,-0.767181,-0.916079,-0.937894,-0.968706,-1.06604,-1.10082,-1.15863,-1.20675,-1.26967,-1.32049,-1.37214,-1.42327,-1.47896,-1.53054,-1.5809,-1.63328,-1.68661,-1.73795,-1.78873,-1.84066,-1.89281,-1.94017,2,9.85258,0.589059,0.295542,0.126924,0.0289927,0.140577,0.245307,0.43082,0.481006,0.547782,0.650215,0.720178,0.851619,0.928246,0.994836,1.07297,1.11931,1.16971,1.24872,1.30313,1.36113,1.416,1.47644,1.53643,1.59296,1.64975,1.70751,1.76603,1.82232,1.88018,1.93166,-0.592691,-0.301023,-0.131486,-0.107605,-0.141492,-0.246021,-0.430694,-0.491276,-0.583417,-0.727375,-0.735246,-0.900945,-0.936405,-0.994853,-1.07455,-1.11003,-1.18125,-1.24686,-1.30241,-1.35789,-1.41672,-1.47817,-1.53535,-1.59242,-1.65028,-1.70849,-1.76529,-1.82284,-1.88044,-1.93172,3,10.9201,0.567547,0.233861,0,0,0,0,0.109732,0.182928,0.356697,0.500292,0.518783,0.64755,0.725257,0.886399,0.929083,1.04258,1.09344,1.14431,1.22831,1.29302,1.35787,1.41888,1.48526,1.55192,1.6146,1.6796,1.74348,1.80662,1.86993,1.92905,-0.57528,-0.240524,0,0,0,0,-0.113696,-0.182636,-0.356158,-0.507006,-0.549266,-0.736711,-0.748576,-0.907342,-0.933715,-1.04332,-1.09067,-1.16058,-1.2254,-1.29293,-1.35402,-1.4195,-1.48751,-1.55024,-1.61495,-1.68001,-1.74337,-1.8066,-1.87039,-1.9291,4,11.8904,0.54562,0.193221,0,0,0,0,0,0,0.112362,0.201673,0.405686,0.476893,0.597945,0.678299,0.796839,0.928557,1.02197,1.08664,1.14238,1.23255,1.30227,1.37255,1.44197,1.51278,1.58323,1.65221,1.72226,1.7923,1.86062,1.92675,-0.556055,-0.202782,0,0,0,0,0,0,-0.115976,-0.201624,-0.405034,-0.488501,-0.64462,-0.627339,-0.889863,-0.934155,-1.02185,-1.08538,-1.15584,-1.22979,-1.30149,-1.3713,-1.44247,-1.51353,-1.58197,-1.65276,-1.72278,-1.79138,-1.86101,-1.9265,5,12.8598,0.530234,0,0,0,0,0,0,0,0,0,0.134111,0.282823,0.513874,0.519691,0.65797,0.767937,0.931036,1.01198,1.08848,1.14784,1.24985,1.32311,1.39743,1.47407,1.55142,1.62514,1.70151,1.77755,1.85084,1.92402,-0.536583,0,0,0,0,0,0,0,0,0,-0.135137,-0.283322,-0.518068,-0.550244,-0.693632,-0.845009,-0.928762,-1.01195,-1.08683,-1.17013,-1.2481,-1.3208,-1.39858,-1.47545,-1.54954,-1.62541,-1.7019,-1.77576,-1.85097,-1.9234
-10,0.7,0,8,0.626387,0.675784,0.721629,0.767474,0.813319,0.859164,0.905009,0.950854,0.996699,1.04254,1.08839,1.13423,1.18008,1.22592,1.27177,1.31761,1.36346,1.4093,1.45515,1.50099,1.54684,1.59268,1.63853,1.68437,1.73022,1.77606,1.82191,1.86775,1.9136,1.95922,-0.626387,-0.675784,-0.721629,-0.767474,-0.813319,-0.859164,-0.905009,-0.950854,-0.996699,-1.04254,-1.08839,-1.13423,-1.18008,-1.22592,-1.27177,-1.31761,-1.36346,-1.4093,-1.45515,-1.50099,-1.54684,-1.59268,-1.63853,-1.68437,-1.73022,-1.77606,-1.82191,-1.86775,-1.9136,-1.95922,1,8.90071,0.58078,0.321747,0.229013,0.32739,0.482971,0.470527,0.585221,0.649158,0.720324,0.848389,0.926363,0.957352,1.0548,1.09921,1.13263,1.19753,1.26178,1.31351,1.36561,1.41213,1.46768,1.52166,1.57341,1.62261,1.6756,1.72705,1.779,1.82864,1.88055,1.92897,-0.585143,-0.324128,-0.228816,-0.329219,-0.483972,-0.475074,-0.632428,-0.669029,-0.756459,-0.890989,-0.923161,-0.956296,-1.05537,-1.0902,-1.14761,-1.19559,-1.26173,-1.31088,-1.36247,-1.41274,-1.47057,-1.52114,-1.57082,-1.62231,-1.67627,-1.72725,-1.77643,-1.82807,-1.88091,-1.93016,2,9.905,0.50627,0,0,0,0,0.177778,0.360833,0.470725,0.504206,0.621715,0.693826,0.814358,0.921005,0.964527,1.05966,1.108,1.14859,1.23855,1.2909,1.35005,1.40295,1.46406,1.52478,1.58152,1.63745,1.69314,1.75369,1.80979,1.86696,1.92027,-0.5107,0,0,0,0,-0.178105,-0.363809,-0.470859,-0.532047,-0.723518,-0.701437,-0.881638,-0.918276,-0.963786,-1.06003,-1.09097,-1.16779,-1.23507,-1.28972,-1.34337,-1.40383,-1.46687,-1.52321,-1.58019,-1.63706,-1.69587,-1.75171,-1.80965,-1.86698,-1.92172,3,10.9305,0.432168,0,0,0,0,0,0,0,0.303487,0.470339,0.49138,0.623256,0.705699,0.865095,0.918215,1.02955,1.08559,1.12866,1.21754,1.28327,1.34886,1.40693,1.473,1.54132,1.60359,1.66767,1.73114,1.79383,1.8562,1.91587,-0.443076,0,0,0,0,0,0,0,-0.305898,-0.471327,-0.516684,-0.715994,-0.730337,-0.891422,-0.917952,-1.02991,-1.07979,-1.14805,-1.21401,-1.28274,-1.34187,-1.40774,-1.47745,-1.53859,-1.60349,-1.66788,-1.73028,-1.79302,-1.85587,-1.91746,4,11.8721,0.386327,0,0,0,0,0,0,0,0,0.15358,0.367685,0.465532,0.577367,0.661055,0.782463,0.918817,1.01209,1.07934,1.12756,1.22447,1.29331,1.36355,1.4319,1.50129,1.57266,1.64047,1.70863,1.77887,1.84602,1.91185,-0.388658,0,0,0,0,0,0,0,0,-0.15332,-0.370909,-0.466854,-0.623413,-0.626184,-0.873818,-0.918123,-1.01201,-1.07516,-1.14585,-1.2209,-1.2918,-1.36118,-1.43253,-1.50304,-1.57052,-1.64006,-1.70959,-1.77655,-1.84551,-1.91362,5,12.8626,0.329347,0,0,0,0,0,0,0,0,0,0,0,0.468011,0.493035,0.63451,0.748109,0.919537,0.995137,1.07952,1.12956,1.24026,1.31189,1.38521,1.46136,1.53913,1.61212,1.68587,1.763,1.83551,1.90735,-0.341183,0,0,0,0,0,0,0,0,0,0,-0.22799,-0.469853,-0.519116,-0.674641,-0.823401,-0.911304,-0.994953,-1.07464,-1.15672,-1.23741,-1.30798,-1.38646,-1.46411,-1.53639,-1.61161,-1.6881,-1.76,-1.83428,-1.90947
-10,0.4,0,8,0.626387,0.675784,0.721629,0.767474,0.813319,0.859164,0.905009,0.950854,0.996699,1.04254,1.08839,1.13423,1.18008,1.22592,1.27177,1.31761,1.36346,1.4093,1.45515,1.50099,1.54684,1.59268,1.63853,1.68437,1.73022,1.77606,1.82191,1.86775,1.9136,1.95922,-0.626387,-0.675784,-0.721629,-0.767474,-0.813319,-0.859164,-0.905009,-0.950854,-0.996699,-1.04254,-1.08839,-1.13423,-1.18008,-1.22592,-1.27177,-1.31761,-1.36346,-1.4093,-1.45515,-1.50099,-1.54684,-1.59268,-1.63853,-1.68437,-1.73022,-1.77606,-1.82191,-1.86775,-1.9136,-1.95922,1,8.85563,0.54364,0.270945,0.177631,0.277175,0.438153,0.428161,0.554472,0.622279,0.696366,0.838181,0.898304,0.9412,1.03412,1.07805,1.10737,1.17446,1.24276,1.29357,1.34465,1.38574,1.44482,1.50105,1.55152,1.59699,1.65223,1.70369,1.75674,1.80333,1.85708,1.90653,-0.537574,-0.268388,-0.173611,-0.278212,-0.440996,-0.437659,-0.605823,-0.624409,-0.735613,-0.866033,-0.896864,-0.942493,-1.03513,-1.06313,-1.12642,-1.16941,-1.24273,-1.28997,-1.33947,-1.38726,-1.45099,-1.50023,-1.54702,-1.59742,-1.65499,-1.70451,-1.74969,-1.8026,-1.85779,-1.90931,2,9.90981,0.401125,0,0,0,0,0,0.289219,0.435321,0.4539,0.585807,0.656848,0.773836,0.889805,0.930776,1.03396,1.08238,1.11691,1.21183,1.26696,1.32485,1.37429,1.4381,1.50046,1.55585,1.60845,1.66509,1.72955,1.78479,1.8406,1.89632,-0.398627,0,0,0,0,0,-0.29018,-0.438411,-0.478411,-0.678797,-0.660867,-0.849312,-0.890062,-0.931963,-1.03473,-1.06076,-1.14149,-1.2073,-1.26627,-1.31289,-1.37615,-1.4435,-1.49847,-1.5535,-1.60858,-1.67161,-1.72486,-1.78464,-1.84034,-1.87745,3,10.8809,0.298225,0,0,0,0,0,0,0,0,0.430296,0.457801,0.592219,0.674484,0.850844,0.879163,1.00353,1.06161,1.09989,1.19191,1.26035,1.32419,1.37691,1.44542,1.51658,1.57544,1.64059,1.70426,1.76735,1.82648,1.87315,-0.296037,0,0,0,0,0,0,0,-0.2473,-0.433013,-0.483704,-0.660515,-0.705006,-0.864034,-0.880024,-1.00408,-1.05318,-1.12156,-1.18696,-1.26013,-1.31307,-1.37878,-1.45415,-1.51163,-1.57623,-1.64208,-1.70347,-1.76434,-1.82587,-1.87686,4,11.8731,0.22823,0,0,0,0,0,0,0,0,0,0.291864,0.431901,0.527306,0.622077,0.743744,0.884935,0.970155,1.05002,1.09369,1.19084,1.26499,1.33368,1.39882,1.47092,1.54363,1.60787,1.67658,1.75031,1.81353,1.87242,-0.221525,0,0,0,0,0,0,0,0,0,-0.292758,-0.436415,-0.569288,-0.58659,-0.836318,-0.885744,-0.969648,-1.04536,-1.11024,-1.1864,-1.26415,-1.32884,-1.40101,-1.47511,-1.53896,-1.60784,-1.6811,-1.74388,-1.81241,-1.87719,5,12.9188,0,0,0,0,0,0,0,0,0,0,0,0,0.411006,0.419769,0.588306,0.697297,0.875654,0.939652,1.04567,1.09226,1.20627,1.27912,1.35165,1.42887,1.50855,1.57845,1.65258,1.73329,1.80182,1.87236,0,0,0,0,0,0,0,0,0,0,0,0,-0.412184,-0.438555,-0.649197,-0.751063,-0.87528,-0.940665,-1.04128,-1.1148,-1.20241,-1.27602,-1.35506,-1.43397,-1.50441,-1.57868,-1.65824,-1.72711,-1.80053,-1.87817
-10,0.1,0,8,0.626387,0.675784,0.721629,0.767474,0.813319,0.859164,0.905009,0.950854,0.996699,1.04254,1.08839,1.13423,1.18008,1.22592,1.27177,1.31761,1.36346,1.4093,1.45515,1.50099,1.54684,1.59268,1.63853,1.68437,1.73022,1.77606,1.82191,1.86775,1.9136,1.95922,-0.626387,-0.675784,-0.721629,-0.767474,-0.813319,-0.859164,-0.905009,-0.950854,-0.996699,-1.04254,-1.08839,-1.13423,-1.18008,-1.22592,-1.27177,-1.31761,-1.36346,-1.4093,-1.45515,-1.50099,-1.54684,-1.59268,-1.63853,-1.68437,-1.73022,-1.77606,-1.82191,-1.86775,-1.9136,-1.95922,1,8.81426,0.462468,0.18288,0.173921,0,0.334904,0.348513,0.432683,0.513155,0.584476,0.700257,0.79784,0.804516,0.924963,0.978402,0.999467,1.04671,1.14445,1.19343,1.24413,1.27104,1.34304,1.38686,1.45241,1.48777,1.54563,1.58341,1.65482,1.69784,1.74299,1.782,-0.461091,-0.174173,-0.0188501,-0.138282,-0.335908,-0.351396,-0.464137,-0.545359,-0.598031,-0.757323,-0.79683,-0.803226,-0.926592,-0.969054,-1.00535,-1.04585,-1.14325,-1.1913,-1.21933,-1.27097,-1.35045,-1.4005,-1.42468,-1.48639,-1.54842,-1.60511,-1.6325,-1.6956,-1.74346,-1.8071,2,9.81055,0.277177,0,0,0,0,0,0,0.346078,0.353221,0.476208,0.554943,0.661884,0.786434,0.805058,0.929886,0.9812,0.992181,1.09466,1.16702,1.22329,1.2603,1.33275,1.38687,1.45378,1.48263,1.54997,1.62136,1.67824,1.7179,1.7705,-0.278428,0,0,0,0,0,0,-0.346411,-0.36257,-0.551953,-0.548772,-0.73675,-0.78703,-0.803245,-0.931785,-0.957852,-1.03123,-1.09203,-1.16724,-1.19147,-1.25966,-1.33958,-1.39525,-1.43401,-1.48364,-1.56722,-1.61786,-1.67078,-1.71872,-1.79591,3,10.7677,0,0,0,0,0,0,0,0,0,0.322267,0.346815,0.475435,0.562832,0.710077,0.774493,0.876324,0.954045,0.978748,1.0611,1.15254,1.21415,1.25191,1.32583,1.40306,1.46564,1.51903,1.57658,1.65359,1.69069,1.75872,0,0,0,0,0,0,0,0,0,-0.321276,-0.356593,-0.548072,-0.57345,-0.74983,-0.77235,-0.876949,-0.9489,-0.995572,-1.05971,-1.15378,-1.18188,-1.2516,-1.34344,-1.3949,-1.46189,-1.5213,-1.59161,-1.634,-1.69201,-1.78074,4,11.8293,0,0,0,0,0,0,0,0,0,0,0,0.322436,0.371194,0.49072,0.59797,0.76024,0.800595,0.928416,0.970901,1.04144,1.14343,1.21116,1.25324,1.32285,1.42213,1.46351,1.53511,1.62707,1.67308,1.74804,0,0,0,0,0,0,0,0,0,0,0,-0.320639,-0.392294,-0.499938,-0.647986,-0.76246,-0.799585,-0.926904,-0.958679,-1.04013,-1.14441,-1.18247,-1.25425,-1.35663,-1.39348,-1.46468,-1.55979,-1.6049,-1.67365,-1.76602,5,12.7896,0,0,0,0,0,0,0,0,0,0,0,0,0.261345,0.302415,0.457215,0.564757,0.749289,0.78511,0.925939,0.964086,1.06907,1.1584,1.22977,1.30228,1.38413,1.45355,1.52457,1.60782,1.66732,1.74314,0,0,0,0,0,0,0,0,0,0,0,0,-0.261697,-0.308071,-0.53026,-0.594227,-0.752931,-0.784019,-0.923536,-0.973235,-1.06663,-1.15591,-1.22458,-1.30711,-1.37971,-1.45111,-1.53333,-1.59706,-1.66711,-1.75864
-5,1,0,8,1.32395,1.34296,1.36571,1.38845,1.4112,1.43395,1.4567,1.47944,1.50219,1.52494,1.54768,1.57043,1.59318,1.61592,1.63867,1.66142,1.68417,1.70691,1.72966,1.75241,1.77515,1.7979,1.82065,1.8434,1.86614,1.88889,1.91164,1.93438,1.95713,1.97985,-1.32395,-1.34296,-1.36571,-1.38845,-1.4112,-1.43395,-1.4567,-1.47944,-1.50219,-1.52494,-1.54768,-1.57043,-1.59318,-1.61592,-1.63867,-1.66142,-1.68417,-1.70691,-1.72966,-1.75241,-1.77515,-1.7979,-1.82065,-1.8434,-1.86614,-1.88889,-1.91164,-1.93438,-1.95713,-1.97985,1,8.83251,1.29417,1.03307,0.91907,0.969531,1.0727,1.09676,1.07586,1.1324,1.19602,1.2695,1.39413,1.37036,1.45611,1.47461,1.48502,1.54035,1.58051,1.59371,1.6372,1.67242,1.69517,1.72643,1.75515,1.7802,1.81286,1.83626,1.86623,1.89113,1.91853,1.91449,-1.28827,-1.02809,-0.915206,-0.967692,-1.06539,-1.04193,-1.05375,-1.15667,-1.20624,-1.32512,-1.34278,-1.38676,-1.45026,-1.45811,-1.50244,-1.52474,-1.5814,-1.59699,-1.64473,-1.66596,-1.69314,-1.72868,-1.74815,-1.78139,-1.81299,-1.83607,-1.86786,-1.89234,-1.91745,-1.92038,2,9.76836,1.21697,0.896892,0.676977,0.583425,0.611711,0.733081,0.887091,0.934151,0.942229,1.01445,1.12638,1.20242,1.32881,1.29485,1.44337,1.41924,1.45647,1.53372,1.54209,1.59939,1.62896,1.66337,1.70282,1.73351,1.76505,1.80145,1.8286,1.86181,1.89495,1.88166,-1.20884,-0.8943,-0.68065,-0.58177,-0.606696,-0.727115,-0.878079,-0.886402,-0.917528,-1.07044,-1.1244,-1.26084,-1.28138,-1.35838,-1.39767,-1.41939,-1.48487,-1.52113,-1.54816,-1.60433,-1.6285,-1.66366,-1.70399,-1.73044,-1.7654,-1.80139,-1.83019,-1.86437,-1.89336,-1.88701,3,10.7386,1.15723,0.78062,0.515628,0.391069,0.352565,0.390065,0.488007,0.636441,0.808907,0.87123,0.888235,1.00031,1.11341,1.22523,1.33187,1.34102,1.41958,1.42625,1.51036,1.52401,1.58364,1.61653,1.65338,1.70291,1.73357,1.77097,1.80443,1.84314,1.87688,1.87193,-1.15009,-0.770086,-0.516178,-0.391539,-0.35531,-0.386319,-0.479718,-0.630299,-0.797456,-0.822808,-0.882795,-1.05733,-1.12009,-1.26715,-1.22551,-1.40654,-1.37237,-1.44311,-1.48002,-1.53111,-1.58813,-1.61429,-1.65889,-1.69363,-1.73476,-1.76937,-1.8052,-1.84604,-1.87632,-1.87612,4,11.6568,1.10973,0.697037,0.404043,0.267156,0.226809,0.23413,0.279023,0.364464,0.488537,0.65932,0.840949,0.851019,0.918056,1.07037,1.14934,1.305,1.28428,1.43359,1.41815,1.51,1.51793,1.59288,1.63185,1.66707,1.7127,1.74968,1.79166,1.82808,1.86477,1.87603,-1.09942,-0.688084,-0.39613,-0.267594,-0.227607,-0.235262,-0.280108,-0.35508,-0.480953,-0.652798,-0.821851,-0.79767,-0.954094,-1.07255,-1.21426,-1.26244,-1.37033,-1.35029,-1.43691,-1.47647,-1.52467,-1.59853,-1.62308,-1.67448,-1.7058,-1.75078,-1.79177,-1.83094,-1.86557,-1.88061,5,12.6739,1.05254,0.60655,0.316929,0.177961,0.137512,0.149026,0.174727,0.21272,0.277609,0.379841,0.524217,0.720534,0.854571,0.869762,1.00583,1.11109,1.28808,1.24793,1.44161,1.41953,1.51381,1.52957,1.5988,1.64312,1.69214,1.73036,1.77777,1.81579,1.85663,1.87574,-1.03826,-0.591826,-0.30277,-0.168656,-0.136476,-0.148881,-0.174477,-0.214157,-0.278554,-0.369056,-0.517647,-0.714115,-0.815176,-0.856471,-1.06296,-1.15409,-1.28343,-1.34378,-1.34239,-1.43884,-1.48731,-1.53541,-1.60246,-1.64114,-1.68625,-1.73306,-1.77721,-1.81836,-1.85824,-1.87992
-5,0.7,0,8,1.32395,1.34296,1.36571,1.38845,1.4112,1.43395,1.4567,1.47944,1.50219,1.52494,1.54768,1.57043,1.59318,1.61592,1.63867,1.66142,1.68417,1.70691,1.72966,1.75241,1.77515,1.7979,1.82065,1.8434,1.86614,1.88889,1.91164,1.93438,1.95713,1.97985,-1.32395,-1.34296,-1.36571,-1.38845,-1.4112,-1.43395,-1.4567,-1.47944,-1.50219,-1.52494,-1.54768,-1.57043,-1.59318,-1.61592,-1.63867,-1.66142,-1.68417,-1.70691,-1.72966,-1.75241,-1.77515,-1.7979,-1.82065,-1.8434,-1.86614,-1.88889,-1.91164,-1.93438,-1.95713,-1.97985,1,8.79508,1.26508,0.993039,0.878889,0.926852,1.02737,1.05285,1.03448,1.09128,1.15253,1.23375,1.35545,1.33646,1.4177,1.44461,1.44736,1.50702,1.55306,1.55905,1.60634,1.6408,1.6626,1.69658,1.72564,1.74839,1.78357,1.80309,1.83383,1.85644,1.88532,1.89136,-1.2682,-0.999457,-0.874944,-0.928309,-1.0179,-0.99842,-1.01701,-1.11029,-1.16742,-1.28438,-1.30719,-1.34651,-1.41577,-1.42497,-1.47042,-1.4914,-1.55143,-1.56072,-1.61515,-1.63428,-1.66089,-1.69766,-1.71607,-1.74985,-1.78306,-1.80375,-1.83408,-1.85993,-1.88202,-1.89244,2,9.68947,1.15756,0.828356,0.604461,0.513383,0.533337,0.658042,0.808314,0.863414,0.877615,0.9582,1.05848,1.15498,1.27635,1.2536,1.3917,1.37496,1.40446,1.49384,1.49789,1.55407,1.58212,1.61698,1.65866,1.68889,1.71632,1.75539,1.77804,1.81264,1.84472,1.83887,-1.1525,-0.833614,-0.609192,-0.514317,-0.532654,-0.658603,-0.803677,-0.812845,-0.866119,-1.00764,-1.07096,-1.20416,-1.22209,-1.30645,-1.34553,-1.37109,-1.44006,-1.47655,-1.50129,-1.56047,-1.58327,-1.61741,-1.6585,-1.6824,-1.71821,-1.75565,-1.77869,-1.8141,-1.84006,-1.8395,3,10.7024,1.03489,0.649318,0.381081,0.250591,0.230609,0.279506,0.380525,0.53383,0.707204,0.801969,0.820366,0.926045,1.03875,1.15739,1.26833,1.27416,1.37005,1.36506,1.46085,1.47528,1.52973,1.56245,1.60014,1.65348,1.67979,1.71486,1.74758,1.78658,1.81678,1.82248,-1.05691,-0.662698,-0.388295,-0.25998,-0.233582,-0.281685,-0.380575,-0.531696,-0.704835,-0.75689,-0.810277,-0.972882,-1.04978,-1.19971,-1.17305,-1.33843,-1.32334,-1.38317,-1.42465,-1.47686,-1.53442,-1.56249,-1.60499,-1.64372,-1.6803,-1.71374,-1.74753,-1.7872,-1.8168,-1.82486,4,11.6845,0.938517,0.511514,0.208578,0.101802,0,0.115462,0.171096,0.250162,0.370383,0.539182,0.727939,0.794195,0.839414,0.987781,1.07866,1.23629,1.21884,1.38589,1.35421,1.45814,1.46778,1.54049,1.57976,1.6127,1.66293,1.69356,1.73776,1.77016,1.80443,1.8229,-0.960557,-0.531367,-0.226333,0,0,-0.123038,-0.172832,-0.253451,-0.370719,-0.537033,-0.723774,-0.743673,-0.86265,-1.0005,-1.12864,-1.21568,-1.28863,-1.30922,-1.37096,-1.42149,-1.47194,-1.54665,-1.56899,-1.62236,-1.65236,-1.69632,-1.73754,-1.77138,-1.80757,-1.82516,5,12.6923,0.852582,0.380351,0,0,0,0,0,0.11567,0.178673,0.271829,0.412168,0.610499,0.782349,0.807847,0.926692,1.03929,1.21863,1.19842,1.38691,1.35895,1.46657,1.47837,1.5505,1.59491,1.64428,1.67839,1.72576,1.75965,1.79852,1.82544,-0.881127,-0.405471,0,0,0,0,0,-0.123257,-0.179961,-0.274438,-0.411286,-0.610495,-0.75386,-0.784619,-0.973602,-1.07917,-1.22961,-1.27056,-1.30785,-1.37693,-1.43731,-1.48384,-1.55616,-1.58864,-1.63835,-1.68117,-1.72525,-1.76049,-1.80272,-1.82715
-5,0.4,0,8,1.32395,1.34296,1.36571,1.38845,1.4112,1.43395,1.4567,1.47944,1.50219,1.52494,1.54768,1.57043,1.59318,1.61592,1.63867,1.66142,1.68417,1.70691,1.72966,1.75241,1.77515,1.7979,1.82065,1.8434,1.86614,1.88889,1.91164,1.93438,1.95713,1.97985,-1.32395,-1.34296,-1.36571,-1.38845,-1.4112,-1.43395,-1.4567,-1.47944,-1.50219,-1.52494,-1.54768,-1.57043,-1.59318,-1.61592,-1.63867,-1.66142,-1.68417,-1.70691,-1.72966,-1.75241,-1.77515,-1.7979,-1.82065,-1.8434,-1.86614,-1.88889,-1.91164,-1.93438,-1.95713,-1.97985,1,8.73165,1.23864,0.966167,0.8238,0.845207,0.948625,0.983534,0.96562,1.01597,1.08426,1.15316,1.28293,1.26437,1.34043,1.37995,1.37544,1.42887,1.48728,1.48762,1.5408,1.56956,1.59717,1.62642,1.66171,1.68007,1.71572,1.7371,1.75997,1.7776,1.82037,1.82398,-1.24582,-0.96847,-0.82291,-0.845369,-0.941692,-0.928486,-0.939397,-1.03525,-1.09095,-1.20608,-1.23692,-1.26872,-1.35282,-1.35277,-1.39236,-1.41695,-1.48595,-1.49061,-1.55215,-1.57077,-1.58514,-1.63447,-1.64477,-1.6828,-1.71484,-1.73731,-1.76376,-1.79364,-1.81173,-1.83524,2,9.64123,1.07049,0.733061,0.487324,0.368894,0.372268,0.485603,0.644316,0.738142,0.757097,0.820016,0.943376,1.01775,1.15145,1.13475,1.26091,1.27771,1.28644,1.38423,1.39495,1.44308,1.46874,1.52158,1.54765,1.5917,1.61213,1.6578,1.66991,1.70814,1.73548,1.75395,-1.08698,-0.743436,-0.492701,-0.368662,-0.374832,-0.486696,-0.641304,-0.699519,-0.715342,-0.867267,-0.937387,-1.06513,-1.12367,-1.16688,-1.25415,-1.25261,-1.32548,-1.36085,-1.40525,-1.44874,-1.48611,-1.50974,-1.56377,-1.57674,-1.61582,-1.65755,-1.67091,-1.71676,-1.73475,-1.75089,3,10.6205,0.904555,0.49441,0.2001,0,0,0.132679,0.235639,0.37783,0.56234,0.690976,0.71527,0.799734,0.929739,1.02841,1.16833,1.15801,1.27113,1.25745,1.34303,1.38582,1.42195,1.45467,1.50479,1.54977,1.5808,1.6075,1.64751,1.67523,1.7056,1.73745,-0.928684,-0.512777,-0.212578,0,0,-0.135779,-0.236533,-0.38083,-0.55947,-0.659384,-0.681782,-0.847687,-0.932042,-1.072,-1.07313,-1.22068,-1.22675,-1.27386,-1.32595,-1.38778,-1.42625,-1.46891,-1.49794,-1.54909,-1.57392,-1.60468,-1.64794,-1.68102,-1.71199,-1.73074,4,11.6332,0.7444,0.278644,0,0,0,0,0,0,0.222521,0.376325,0.578228,0.695067,0.728226,0.856037,0.958994,1.11733,1.11381,1.27699,1.25272,1.33766,1.37966,1.43544,1.47665,1.51183,1.57127,1.59353,1.64282,1.65899,1.69443,1.74017,-0.758681,-0.293326,0,0,0,0,0,0,-0.22297,-0.379172,-0.574928,-0.650954,-0.727987,-0.87694,-0.995327,-1.11424,-1.15943,-1.22552,-1.2592,-1.32456,-1.3854,-1.44102,-1.47367,-1.51985,-1.55326,-1.59762,-1.64315,-1.66257,-1.70655,-1.72796,5,12.6002,0.612459,0,0,0,0,0,0,0,0,0.136149,0.268377,0.458805,0.661199,0.708507,0.801859,0.935481,1.09209,1.10594,1.27435,1.25373,1.35982,1.37629,1.44908,1.50171,1.54132,1.58067,1.6252,1.65103,1.69061,1.73753,-0.633957,0,0,0,0,0,0,0,0,-0.138371,-0.270653,-0.45875,-0.642273,-0.663709,-0.850252,-0.956523,-1.11804,-1.14722,-1.22362,-1.26891,-1.33054,-1.38724,-1.45919,-1.48475,-1.54502,-1.57749,-1.62374,-1.65325,-1.70172,-1.72509
-5,0.1,0,8,1.32395,1.34296,1.36571,1.38845,1.4112,1.43395,1.4567,1.47944,1.50219,1.52494,1.54768,1.57043,1.59318,1.61592,1.63867,1.66142,1.68417,1.70691,1.72966,1.75241,1.77515,1.7979,1.82065,1.8434,1.86614,1.88889,1.91164,1.93438,1.95713,1.97985,-1.32395,-1.34296,-1.36571,-1.38845,-1.4112,-1.43395,-1.4567,-1.47944,-1.50219,-1.52494,-1.54768,-1.57043,-1.59318,-1.61592,-1.63867,-1.66142,-1.68417,-1.70691,-1.72966,-1.75241,-1.77515,-1.7979,-1.82065,-1.8434,-1.86614,-1.88889,-1.91164,-1.93438,-1.95713,-1.97985,1,8.56303,1.17175,0.892049,0.695072,0.633647,0.704916,0.763639,0.754751,0.744516,0.826704,0.8753,0.972303,1.0326,1.0205,1.13712,1.13276,1.12261,1.22644,1.24648,1.24898,1.27133,1.35336,1.34476,1.40239,1.43608,1.41641,1.48312,1.47832,1.51939,1.53396,1.58924,-1.16919,-0.888965,-0.695619,-0.636212,-0.700602,-0.728979,-0.707688,-0.780424,-0.829154,-0.909472,-1.00148,-0.989358,-1.08455,-1.12164,-1.0938,-1.16039,-1.21273,-1.25262,-1.25714,-1.3381,-1.32669,-1.358,-1.40406,-1.39568,-1.41772,-1.48176,-1.47923,-1.52972,-1.56524,-1.55763,2,9.40687,0.940226,0.565084,0.283141,0,0,0,0.278411,0.414468,0.475127,0.483166,0.576725,0.657438,0.755407,0.851723,0.843282,0.969722,0.951744,0.981997,1.10458,1.078,1.12813,1.17041,1.2139,1.23138,1.29504,1.27052,1.34229,1.32621,1.36986,1.41815,-0.934469,-0.566442,-0.283897,0,0,0,-0.275918,-0.402247,-0.419735,-0.488849,-0.589354,-0.675355,-0.802381,-0.806344,-0.898895,-0.953873,-0.935852,-1.00092,-1.0823,-1.0809,-1.15613,-1.18641,-1.17513,-1.25241,-1.2334,-1.2713,-1.33933,-1.32955,-1.39662,-1.42024,3,10.3482,0.727575,0.282329,0,0,0,0,0,0,0.235533,0.391055,0.465313,0.4792,0.58772,0.667665,0.795141,0.828292,0.911101,0.968007,0.948134,1.08751,1.06816,1.11805,1.1836,1.1869,1.25684,1.27226,1.30248,1.33254,1.36056,1.39932,-0.726289,-0.276777,0,0,0,0,0,0,-0.234272,-0.382545,-0.411496,-0.487964,-0.592289,-0.698476,-0.801819,-0.816123,-0.948903,-0.922027,-0.989939,-1.06385,-1.07189,-1.15284,-1.16764,-1.19825,-1.23897,-1.26509,-1.30143,-1.33446,-1.37485,-1.41071,4,11.3341,0.53434,0,0,0,0,0,0,0,0,0,0.236351,0.398782,0.46011,0.495361,0.613845,0.722933,0.827042,0.86167,0.971622,0.931537,1.08421,1.05187,1.10835,1.19019,1.1864,1.27576,1.25259,1.33528,1.33827,1.38216,-0.519113,0,0,0,0,0,0,0,0,0,-0.234641,-0.384366,-0.40149,-0.52456,-0.620868,-0.766503,-0.789194,-0.910767,-0.909632,-0.979933,-1.05923,-1.05525,-1.1644,-1.15159,-1.22443,-1.21234,-1.25565,-1.33494,-1.34761,-1.40206,5,12.3713,0.358183,0,0,0,0,0,0,0,0,0,0,0,0.280513,0.427904,0.443208,0.568649,0.670515,0.822958,0.832674,0.961048,0.933329,1.07083,1.05432,1.12141,1.17714,1.24206,1.24655,1.31701,1.31419,1.36605,-0.341424,0,0,0,0,0,0,0,0,0,0,0,-0.277051,-0.391039,-0.443724,-0.573108,-0.708549,-0.77051,-0.888303,-0.896301,-0.970167,-1.05556,-1.06434,-1.16555,-1.15888,-1.21675,-1.24471,-1.31449,-1.32159,-1.39381
0,1,0,8,2,2,2,2,2,2,2,2,2,2,2,2,2,2,2,2,2,2,2,2,2,2,2,2,2,2,2,2,2,2,-2,-2,-2,-2,-2,-2,-2,-2,-2,-2,-2,-2,-2,-2,-2,-2,-2,-2,-2,-2,-2,-2,-2,-2,-2,-2,-2,-2,-2,-2,1,8.75608,1.96686,1.69203,1.55718,1.6049,1.66274,1.67282,1.70485,1.72686,1.75008,1.77174,1.78221,1.75502,1.71001,1.76584,1.80282,1.90087,1.87282,1.88078,1.87218,1.90095,1.89577,1.90881,1.9149,1.91956,1.92992,1.92875,1.94101,1.93712,1.94894,1.92982,-1.96279,-1.69144,-1.55592,-1.60428,-1.66334,-1.67401,-1.70021,-1.7273,-1.75073,-1.77039,-1.78278,-1.75534,-1.71731,-1.79153,-1.85486,-1.86806,-1.86503,-1.85928,-1.9108,-1.88227,-1.92249,-1.90212,-1.92605,-1.91609,-1.93234,-1.9281,-1.93703,-1.93882,-1.94391,-1.93828,2,9.59683,1.89357,1.55225,1.30454,1.17689,1.18079,1.29671,1.41472,1.42434,1.49299,1.53203,1.57368,1.60893,1.61185,1.57807,1.60682,1.70631,1.76875,1.83368,1.79456,1.79974,1.82617,1.84328,1.85584,1.86489,1.87775,1.88046,1.89617,1.89392,1.90754,0,-1.8804,-1.54343,-1.29995,-1.17697,-1.18241,-1.29427,-1.42032,-1.42558,-1.48817,-1.53278,-1.57324,-1.60794,-1.6139,-1.58218,-1.62223,-1.74666,-1.79399,-1.75225,-1.77833,-1.82278,-1.80435,-1.85566,-1.82988,-1.87463,-1.8599,-1.89138,-1.88039,-1.90536,-1.89876,-1.87774,3,10.4916,1.81327,1.42279,1.12116,0.931177,0.856905,0.873409,0.96977,1.12947,1.25256,1.2743,1.37789,1.42586,1.4809,1.51347,1.49832,1.51269,1.62005,1.68894,1.78293,1.70112,1.76131,1.78921,1.80471,1.84048,1.82422,1.86408,1.84695,1.87702,1.87552,1.84139,-1.79656,-1.41275,-1.11141,-0.929328,-0.858845,-0.874142,-0.972621,-1.12807,-1.25472,-1.2703,-1.37336,-1.42418,-1.47666,-1.51282,-1.50254,-1.52315,-1.64754,-1.72767,-1.71073,-1.74254,-1.78022,-1.77342,-1.83139,-1.78812,-1.85563,-1.83969,-1.86432,-1.87029,-1.87331,-1.84237,4,11.4147,1.7428,1.28938,0.963416,0.74996,0.637878,0.613645,0.654577,0.750641,0.900435,1.08018,1.18344,1.23866,1.34333,1.40428,1.44878,1.45071,1.45969,1.56958,1.67228,1.76113,1.66071,1.74642,1.77852,1.77144,1.83627,1.81303,1.85126,1.86133,1.84909,1.8241,-1.7263,-1.27985,-0.955468,-0.744576,-0.636423,-0.612793,-0.655083,-0.74978,-0.900565,-1.07883,-1.18501,-1.23202,-1.33921,-1.39991,-1.44778,-1.45464,-1.47101,-1.59483,-1.71347,-1.68465,-1.72405,-1.76526,-1.74637,-1.82166,-1.80278,-1.83014,-1.84865,-1.83248,-1.86521,-1.82377,5,12.3794,1.65876,1.16817,0.816525,0.593653,0.480794,0.438578,0.452004,0.509106,0.606155,0.744162,0.927273,1.11224,1.15657,1.29381,1.34189,1.41076,1.42778,1.43309,1.55158,1.66778,1.742,1.67611,1.73762,1.77344,1.78382,1.80878,1.84834,1.83153,1.84559,1.81265,-1.65211,-1.16261,-0.807909,-0.584472,-0.476332,-0.43232,-0.451503,-0.510532,-0.603382,-0.742577,-0.926607,-1.11291,-1.15656,-1.28779,-1.33739,-1.40667,-1.42934,-1.44383,-1.57491,-1.70844,-1.65723,-1.72129,-1.75764,-1.75858,-1.7898,-1.83629,-1.81242,-1.83257,-1.85505,-1.80461
0,0.7,0,8,2,2,2,2,2,2,2,2,2,2,2,2,2,2,2,2,2,2,2,2,2,2,2,2,2,2,2,2,2,2,-2,-2,-2,-2,-2,-2,-2,-2,-2,-2,-2,-2,-2,-2,-2,-2,-2,-2,-2,-2,-2,-2,-2,-2,-2,-2,-2,-2,-2,-2,1,8.72215,1.92981,1.64659,1.508,1.54416,1.6074,1.61715,1.64171,1.67049,1.69118,1.71114,1.72353,1.70198,1.6525,1.70778,1.74264,1.8414,1.81853,1.83034,1.82105,1.84447,1.84465,1.85064,1.8659,1.86008,1.88197,1.86958,1.89192,1.88037,1.89824,1.85967,-1.93035,-1.65382,-1.51126,-1.5425,-1.59988,-1.61594,-1.64573,-1.66798,-1.69181,-1.71399,-1.72631,-1.70801,-1.66081,-1.72763,-1.79172,-1.82152,-1.8159,-1.80565,-1.86066,-1.82718,-1.86909,-1.84918,-1.87341,-1.86352,-1.88001,-1.88018,-1.88418,-1.88695,-1.88512,-1.8688,2,9.52067,1.82597,1.48741,1.22397,1.08987,1.07735,1.18846,0,1.3292,1.38762,1.43556,1.47822,1.51349,1.5237,1.49439,1.51551,1.61585,1.66806,1.75118,1.70699,1.717,1.73727,1.76123,1.76196,1.78811,1.7847,1.80175,1.80251,1.81067,1.81314,1.79252,-1.82947,-1.48884,-1.23027,-1.09681,-1.08114,-1.18612,-1.30047,-1.33225,-1.3905,-1.43413,-1.48221,-1.5171,-1.52649,-1.5022,-1.52622,-1.64554,-1.70351,-1.67347,-1.69134,-1.73212,-1.72524,-1.7683,-1.75324,-1.78784,-1.77142,-1.80831,-1.79444,-1.81641,-1.80546,-1.80237,3,10.4444,1.70699,1.29869,0.988709,0.78534,0.698604,0.705716,0.799826,0.955537,1.09857,1.14439,1.22954,1.29682,1.35536,1.39463,1.39471,1.38862,1.48934,1.5723,1.66687,1.59902,1.65855,1.67435,1.70569,1.71796,1.73153,1.75489,1.73288,1.77182,1.75535,1.7532,-1.71124,-1.30106,-0.992087,-0.798679,-0.711386,-0.70929,-0.800343,-0.953509,-1.09382,-1.14847,-1.23312,-1.29556,-1.36187,-1.39854,-1.39995,-1.40267,-1.51227,-1.61253,-1.62866,-1.62747,-1.66188,-1.68196,-1.72363,-1.6965,-1.75193,-1.72022,-1.77757,-1.75226,-1.76805,-1.74843,4,11.3454,1.58798,1.1312,0.785189,0.560416,0.447177,0.42048,0.4737,0.57734,0.72872,0.912498,1.04448,1.09899,1.20932,1.27817,1.32909,1.34649,1.34376,1.43827,1.55052,1.64491,1.56709,1.63427,1.66042,1.66295,1.7268,1.68061,1.75821,1.7366,1.73144,1.73653,-1.6005,-1.13905,-0.793783,-0.568672,-0.456486,-0.438026,-0.481088,-0.578114,-0.728351,-0.908319,-1.0425,-1.10716,-1.20482,-1.27931,-1.3336,-1.3504,-1.35619,-1.45577,-1.59104,-1.59818,-1.59832,-1.64482,-1.6418,-1.71963,-1.67263,-1.73607,-1.74167,-1.71335,-1.75192,-1.71989,5,12.3743,1.47392,0.954995,0.581508,0.351001,0.238786,0.222534,0.251408,0.322109,0.423516,0.560399,0.736695,0.939049,1.04069,1.13249,1.22071,1.29268,1.32859,1.31856,1.40973,1.54355,1.63772,1.55323,1.6233,1.66375,1.65303,1.71036,1.73522,1.6977,1.73758,1.70421,-1.49519,-0.961259,-0.592583,-0.357145,-0.247098,-0.229936,-0.265386,-0.335827,-0.43007,-0.560728,-0.73664,-0.933847,-1.04361,-1.13889,-1.21866,-1.2993,-1.33168,-1.33014,-1.42479,-1.58558,-1.57761,-1.5944,-1.64848,-1.62947,-1.6972,-1.72445,-1.68519,-1.73612,-1.73706,-1.68641
0,0.4,0,8,2,2,2,2,2,2,2,2,2,2,2,2,2,2,2,2,2,2,2,2,2,2,2,2,2,2,2,2,2,2,-2,-2,-2,-2,-2,-2,-2,-2,-2,-2,-2,-2,-2,-2,-2,-2,-2,-2,-2,-2,-2,-2,-2,-2,-2,-2,-2,-2,-2,-2,1,8.61653,1.87788,1.60274,1.45578,1.4724,1.52829,1.53979,1.56323,1.58698,1.60615,1.62888,1.64318,1.6253,1.56696,1.60986,1.64374,1.72834,1.73205,1.73893,1.72557,1.73638,1.76372,1.73918,1.78226,1.75491,1.79566,1.76835,1.80299,1.78201,1.80526,1.7804,-1.87558,-1.59809,-1.45571,-1.46631,-1.52844,-1.53783,-1.56217,-1.58656,-1.60794,-1.62737,-1.64381,-1.6244,-1.57132,-1.62406,-1.69009,-1.73138,-1.72428,-1.70981,-1.76408,-1.73799,-1.76811,-1.76063,-1.77002,-1.77346,-1.77249,-1.78757,-1.77216,-1.79959,-1.78039,-1.79891,2,9.39774,1.72902,1.38598,1.11656,0.960133,0.919468,0.982793,1.09737,1.14796,1.19949,1.25054,0,1.33528,1.36025,1.33455,1.31403,1.40584,1.46073,1.55675,1.53116,1.54812,1.5479,1.61159,1.57418,1.63699,1.59921,1.65301,1.61434,1.65667,1.62752,1.65115,-1.72521,-1.38048,-1.10932,-0.957207,-0.914342,-0.97776,-1.09245,-1.14739,-1.19825,-1.24762,-1.29469,-1.33169,-1.35946,-1.33471,-1.32421,-1.42805,-1.50664,-1.52054,-1.52132,-1.54331,-1.58584,-1.57115,-1.61698,-1.5959,-1.62464,-1.61384,-1.63511,-1.62252,-1.64526,-1.62716,3,10.2595,1.56548,1.15045,0.831067,0.608732,0.513154,0.503781,0.575572,0.708682,0.857136,0.935109,1.00988,1.08427,1.14347,1.19726,1.208,1.18358,1.24938,1.35555,1.43235,1.4456,1.45554,1.45278,1.52261,1.48353,1.57124,1.52455,1.56621,1.54342,1.55406,1.55492,-1.55628,-1.14281,-0.819241,-0.601155,-0.506796,-0.497643,-0.571254,-0.703146,-0.851535,-0.934814,-1.0074,-1.07998,-1.14474,-1.19295,-1.20887,-1.1883,-1.2675,-1.38514,-1.44016,-1.41384,-1.44124,-1.51418,-1.48417,-1.54229,-1.52469,-1.53017,-1.55447,-1.52779,-1.57329,-1.54217,4,11.199,1.41168,0.910695,0.552583,0.305069,0.183235,0.178218,0.249482,0.349604,0.482268,0.645298,0.811114,0.884832,0.986673,1.05967,1.12418,1.16224,1.14526,1.18471,1.31163,1.38795,1.4161,1.42384,1.43229,1.50866,1.48553,1.4948,1.53593,1.49657,1.55068,1.51929,-1.39188,-0.902883,-0.544312,-0.29338,-0.173234,-0.17333,-0.244114,-0.344628,-0.478021,-0.6396,-0.805358,-0.885331,-0.983004,-1.05851,-1.12196,-1.1607,-1.14763,-1.2009,-1.33646,-1.40269,-1.3766,-1.41774,-1.47482,-1.48338,-1.4668,-1.53229,-1.49475,-1.53679,-1.52633,-1.50789,5,12.1965,1.25848,0.67916,0.290684,0,0,0,0,0.149882,0.242961,0.358913,0.510142,0.69652,0.849271,0.925496,1.02473,1.09874,1.1565,1.1426,1.17663,1.31177,1.40112,1.38358,1.41523,1.46181,1.44249,1.53727,1.50136,1.49702,1.5495,1.51325,-1.24053,-0.667962,-0.28333,0,0,0,0,-0.144664,-0.237613,-0.354388,-0.506264,-0.690351,-0.844945,-0.924051,-1.02031,-1.09915,-1.1526,-1.14437,-1.19178,-1.3367,-1.40414,-1.38504,-1.44317,-1.42049,-1.52655,-1.49238,-1.48177,-1.54816,-1.51305,-1.51228
0,0.1,0,8,2,2,2,2,2,2,2,2,2,2,2,2,2,2,2,2,2,2,2,2,2,2,2,2,2,2,2,2,2,2,-2,-2,-2,-2,-2,-2,-2,-2,-2,-2,-2,-2,-2,-2,-2,-2,-2,-2,-2,-2,-2,-2,-2,-2,-2,-2,-2,-2,-2,-2,1,8.39321,1.79533,1.51809,1.32014,1.24386,1.27521,1.28842,1.30437,1.32288,1.33588,1.35082,1.36124,1.36844,1.32085,1.28344,1.32725,1.35331,1.42545,1.43849,1.44704,1.404,1.44773,1.43922,1.43249,1.45998,1.42754,1.47398,1.41972,1.47813,1.44005,1.47969,-1.79683,-1.51947,-1.32129,-1.24307,-1.27907,-1.29697,-1.30717,-1.31773,-1.33503,-1.35131,-1.36553,-1.36662,-1.31639,-1.28275,-1.33031,-1.40846,-1.4374,-1.41066,-1.37767,-1.44575,-1.39753,-1.46427,-1.43413,-1.46768,-1.45413,-1.4544,-1.47111,-1.4437,-1.48207,-1.42454,2,8.96552,1.58387,1.20572,0.925268,0.710745,0.584687,0.541366,0.571167,0.649788,0.691374,0.741923,0.782577,0.817372,0.849718,0.870331,0.847106,0.823004,0.880736,0.920015,0.989481,1.03175,1.02922,0.999262,1.04972,1.03404,1.05442,1.0699,1.06583,1.08501,1.06333,1.08863,-1.58282,-1.20812,-0.92742,-0.714811,-0.58494,-0.53762,-0.571125,-0.656139,-0.699196,-0.737486,-0.77071,-0.815472,-0.852524,-0.870196,-0.840353,-0.823588,-0.878349,-0.950094,-1.01549,-0.992468,-0.984052,-1.05968,-1.01236,-1.08083,-1.04672,-1.09676,-1.05905,-1.09667,-1.07389,-1.10156,3,9.81377,1.37368,0.877626,0.544538,0.266081,0,0,0,0.167757,0.270063,0.388334,0.46671,0.53851,0.595218,0.646134,0.687273,0.707471,0.676446,0.698636,0.768654,0.823795,0.895629,0.89754,0.875967,0.921158,0.909408,0.941091,0.942553,0.974084,0.943897,0.984843,-1.37787,-0.890413,-0.547518,-0.266918,0,0,0,-0.164907,-0.270208,-0.39281,-0.475392,-0.532851,-0.585745,-0.643733,-0.690722,-0.703838,-0.67199,-0.698483,-0.776816,-0.866957,-0.875222,-0.849598,-0.930151,-0.888176,-0.964394,-0.922483,-0.973396,-0.927138,-0.97752,-0.92964,4,10.8096,1.16652,0.563052,0,0,0,0,0,0,0,0.146827,0.254714,0.384685,0.465773,0.543665,0.605216,0.658586,0.695435,0.679469,0.675087,0.755403,0.812861,0.890338,0.888532,0.865301,0.952564,0.890213,0.949698,0.932797,0.944631,0.967044,-1.18328,-0.572041,0,0,0,0,0,0,0,-0.144228,-0.25425,-0.389238,-0.474634,-0.538173,-0.597285,-0.65806,-0.698448,-0.672504,-0.675565,-0.758101,-0.857005,-0.860593,-0.848822,-0.923122,-0.883386,-0.938316,-0.938629,-0.931863,-0.976393,-0.925243,5,11.7894,0.983505,0.29729,0,0,0,0,0,0,0,0,0,0.161519,0.287998,0.421605,0.501283,0.574314,0.636231,0.680697,0.674838,0.667733,0.751865,0.825372,0.888158,0.877962,0.88562,0.891809,0.953229,0.910244,0.947841,0.953487,-0.98788,-0.302618,0,0,0,0,0,0,0,0,0,-0.158254,-0.292753,-0.428888,-0.499585,-0.565371,-0.634376,-0.684177,-0.667354,-0.668466,-0.759964,-0.859199,-0.8396,-0.870905,-0.873451,0,-0.891621,-0.938677,-0.959197,-0.922739
5,1,0,8,2.67371,2.65704,2.63429,2.61155,2.5888,2.56605,2.5433,2.52056,2.49781,2.47506,2.45232,2.42957,2.40682,2.38408,2.36133,2.33858,2.31583,2.29309,2.27034,2.24759,2.22485,2.2021,2.17935,2.1566,2.13386,2.11111,2.08836,2.06562,2.04287,2.02012,-2.67371,-2.65704,-2.63429,-2.61155,-2.5888,-2.56605,-2.5433,-2.52056,-2.49781,-2.47506,-2.45232,-2.42957,-2.40682,-2.38408,-2.36133,-2.33858,-2.31583,-2.29309,-2.27034,-2.24759,-2.22485,-2.2021,-2.17935,-2.1566,-2.13386,-2.11111,-2.08836,-2.06562,-2.04287,-2.02012,1,8.68037,2.63695,2.35646,2.20434,2.21958,2.269,2.23708,2.24119,2.2256,2.17158,2.11191,2.16292,2.22525,2.22853,2.18941,2.15733,2.17106,2.14321,2.14209,2.10927,2.1425,2.10063,2.09431,2.08994,2.06306,2.03795,2.03679,1.9968,1.98992,1.98169,1.90533,-2.62661,-2.34701,-2.20416,-2.22137,-2.26605,-2.23613,-2.231,-2.22023,-2.17248,-2.11436,-2.16421,-2.21721,-2.22877,-2.18591,-2.14761,-2.17566,-2.17568,-2.12786,-2.14663,-2.12155,-2.10327,-2.09126,-2.08433,-2.0549,-2.04668,-2.023,-2.00469,-1.98586,-1.98532,-1.90265,2,9.45071,2.5541,2.21644,1.94867,1.80189,1.77894,1.86233,1.95377,1.9234,1.95944,1.92775,0,1.89973,2.01162,2.0608,2.01704,2.00082,2.00132,2.02487,2.0054,1.97913,2.0429,1.99533,1.99675,2.01169,1.96438,1.95407,1.9521,1.91518,1.92696,1.85087,-2.54722,-2.21071,-1.9465,-1.79604,-1.77843,-1.86251,-1.9486,-1.91629,-1.94381,-1.92494,-1.88149,-1.90204,-2.00885,-2.05342,-2.01775,-1.99168,-2.00277,-2.05212,-1.9893,-2.03,-2.01292,-2.01356,-1.99191,-2.00608,-1.96377,-1.96532,-1.93732,-1.93667,-1.91236,-1.85741,3,10.253,2.46471,2.07049,1.75988,1.54856,1.4435,1.42599,1.50721,1.63762,1.71989,1.69154,1.74923,1.68439,1.71345,1.82029,1.94529,1.89694,1.86446,1.91433,1.93202,1.90877,1.92065,1.98541,1.92351,1.94956,1.92715,1.90358,1.89916,1.87946,1.87837,1.80986,-2.46451,-2.06255,-1.75091,-1.53702,-1.4346,-1.42178,-1.50961,-1.63748,-1.71289,-1.6759,-1.74222,-1.69299,-1.71716,-1.82171,-1.93457,-1.8893,-1.85372,-1.91889,-1.95774,-1.8969,-1.95328,-1.92747,-1.92768,-1.92264,-1.92004,-1.9102,-1.90395,-1.87315,-1.87687,-1.79887,4,11.1073,2.37737,1.9332,1.58609,1.3391,1.18933,1.12941,1.14644,1.22417,1.364,1.51606,1.54411,1.56917,1.58221,1.57335,1.68456,1.83929,1.82813,1.77921,1.84271,1.84599,1.83772,1.87274,1.94649,1.85499,1.9433,1.84536,1.89236,1.86073,1.83691,1.78025,-2.38001,-1.92803,-1.58272,-1.32724,-1.18047,-1.11823,-1.13827,-1.22613,-1.36761,-1.51148,-1.53088,-1.55514,-1.5906,-1.57842,-1.68839,-1.831,-1.81222,-1.77066,-1.84686,-1.86819,-1.82278,-1.92347,-1.86632,-1.88985,-1.89408,-1.85084,-1.90106,-1.84708,-1.8493,-1.73694,5,11.9977,2.30485,1.79714,1.41795,1.14455,0.981093,0.903536,0.88502,0.930222,1.02153,1.16066,1.33455,1.4449,1.44287,1.51665,1.47522,1.61609,1.76996,1.78781,1.72046,1.81118,1.79896,1.8015,1.85662,1.90813,1.84923,1.92539,1.84466,1.82806,1.81067,1.77896,-2.30514,-1.79217,-1.41555,-1.13634,-0.972211,-0.89235,-0.878315,-0.919464,-1.0205,-1.16442,-1.33403,-1.43339,-1.42726,-1.52726,-1.4808,-1.61898,-1.76383,-1.76738,-1.71571,-1.81376,-1.81625,-1.78752,-1.92605,-1.80353,-1.88157,-1.87315,-1.85253,-1.82078,-1.82163,-1.73406
5,0.7,0,8,2.67371,2.65704,2.63429,2.61155,2.5888,2.56605,2.5433,2.52056,2.49781,2.47506,2.45232,2.42957,2.40682,2.38408,2.36133,2.33858,2.31583,2.29309,2.27034,2.24759,2.22485,2.2021,2.17935,2.1566,2.13386,2.11111,2.08836,2.06562,2.04287,2.02012,-2.67371,-2.65704,-2.63429,-2.61155,-2.5888,-2.56605,-2.5433,-2.52056,-2.49781,-2.47506,-2.45232,-2.42957,-2.40682,-2.38408,-2.36133,-2.33858,-2.31583,-2.29309,-2.27034,-2.24759,-2.22485,-2.2021,-2.17935,-2.1566,-2.13386,-2.11111,-2.08836,-2.06562,-2.04287,-2.02012,1,8.62512,2.58925,2.31309,2.16511,2.16445,2.21511,2.18277,2.18043,2.16718,2.11961,2.05289,2.09664,2.15435,2.16794,2.12129,2.08945,2.10443,2.07279,2.09107,2.03619,2.0776,2.04452,2.0227,2.03351,2.0012,1.97019,1.97068,1.93062,1.91535,1.91984,1.85752,-2.59497,-2.31853,-2.16859,-2.16893,-2.21425,-2.18395,-2.18719,-2.17168,-2.12097,-2.05943,-2.09536,-2.14796,-2.16813,-2.12772,-2.08207,-2.10283,-2.1282,-2.05988,-2.07854,-2.04997,-2.04451,-2.01864,-2.03168,-1.98988,-1.97734,-1.96273,-1.93068,-1.92214,-1.919,-1.86264,2,9.38641,2.46828,2.1277,1.85694,1.69311,1.65264,1.71015,1.79963,1.79326,1.80889,1.80648,1.76477,1.75178,1.85026,1.9257,1.90248,1.85815,1.86757,1.90002,1.88004,1.86711,1.90424,1.9053,1.85497,1.90528,1.83569,1.83053,1.82892,1.78756,1.79488,1.75876,-2.48819,-2.138,-1.86802,-1.70097,-1.66297,-1.70953,-1.80243,-1.79485,-1.8151,-1.80756,-1.76643,-1.76211,-1.84702,-1.91861,-1.90788,-1.85638,-1.85725,-1.92832,-1.87871,-1.88136,-1.90587,-1.88116,-1.85056,-1.90008,-1.82814,-1.84171,-1.82721,-1.80258,-1.79587,-1.76008,3,10.1498,2.34899,1.94987,1.63346,1.41195,1.29228,1.25867,1.32186,1.43544,1.53135,1.51927,1.56927,1.54263,1.54212,1.62089,1.75101,1.75496,1.70454,1.74683,1.76495,1.75939,1.7609,1.79612,1.82541,1.77147,1.81387,1.72904,1.73887,1.73323,1.69372,1.68676,-2.38038,-1.97231,-1.65395,-1.4249,-1.30062,-1.2715,-1.32774,-1.43449,-1.53843,-1.52317,-1.57734,-1.54311,-1.55124,-1.62658,-1.74151,-1.7536,-1.7049,-1.73937,-1.79005,-1.78037,-1.76554,-1.8092,-1.76127,-1.76116,-1.79887,-1.72661,-1.76427,-1.71829,-1.728,-1.65712,4,11.0368,2.23391,1.7599,1.40683,1.13785,0.977442,0.911768,0.91296,0.982405,1.10773,1.25535,1.33155,1.34545,1.41091,1.37056,1.45058,1.59939,1.66326,1.59855,1.63897,1.66451,1.67373,1.68204,1.73453,1.72671,1.73588,1.72605,1.67787,1.6747,1.64316,1.64954,-2.25625,-1.77983,-1.42006,-1.15377,-0.992864,-0.92035,-0.921845,-0.993374,-1.11011,-1.25495,-1.34057,-1.34945,-1.42118,-1.37529,-1.46303,-1.59268,-1.65416,-1.59918,-1.63203,-1.69096,-1.68598,-1.6919,-1.75867,-1.69583,-1.7035,-1.70404,-1.69092,-1.68569,-1.64932,-1.61839,5,11.9001,2.11145,1.58396,1.19888,0.913141,0.732809,0.645599,0.635281,0.680015,0.77277,0.910197,1.07373,1.21085,1.23758,1.31744,1.29587,1.38501,1.52533,1.63057,1.5318,1.60256,1.61987,1.62194,1.64916,1.75673,1.63372,1.76134,1.62603,1.65325,1.6215,1.59883,-2.14065,-1.59556,-1.21479,-0.930644,-0.751099,-0.660876,-0.6473,-0.690544,-0.782396,-0.919052,-1.07583,-1.21359,-1.24455,-1.32957,-1.29504,-1.3978,-1.52336,-1.61244,-1.5359,-1.59638,-1.65682,-1.61307,-1.69788,-1.65693,-1.69205,-1.70086,-1.63203,-1.67646,-1.61312,-1.59327
5,0.4,0,8,2.67371,2.65704,2.63429,2.61155,2.5888,2.56605,2.5433,2.52056,2.49781,2.47506,2.45232,2.42957,2.40682,2.38408,2.36133,2.33858,2.31583,2.29309,2.27034,2.24759,2.22485,2.2021,2.17935,2.1566,2.13386,2.11111,2.08836,2.06562,2.04287,2.02012,-2.67371,-2.65704,-2.63429,-2.61155,-2.5888,-2.56605,-2.5433,-2.52056,-2.49781,-2.47506,-2.45232,-2.42957,-2.40682,-2.38408,-2.36133,-2.33858,-2.31583,-2.29309,-2.27034,-2.24759,-2.22485,-2.2021,-2.17935,-2.1566,-2.13386,-2.11111,-2.08836,-2.06562,-2.04287,-2.02012,1,8.56402,2.54233,2.26274,2.07364,2.03453,2.08384,2.05914,2.05557,2.04421,2.00282,1.92956,1.93235,1.99354,2.05096,1.99534,1.95471,1.94438,1.94155,1.97643,1.89698,1.92234,1.9371,1.87077,1.91118,1.87253,1.83264,1.81352,1.80985,1.75168,1.77559,1.7432,-2.54125,-2.26011,-2.076,-2.03429,-2.08322,-2.0633,-2.05391,-2.04526,-2.00467,-1.93392,-1.93189,-1.99307,-2.04869,-1.99559,-1.94474,-1.93775,-1.99459,-1.91941,-1.92178,-1.90116,-1.92819,-1.87572,-1.91237,-1.86134,-1.82747,-1.84883,-1.78853,-1.7907,-1.76465,-1.75732,2,9.22276,2.38186,2.03382,1.75478,1.56639,1.48002,1.48199,1.55432,1.5937,1.57712,1.6007,1.56045,1.52326,1.56933,1.66322,1.69175,1.64138,1.63401,1.65352,1.65734,1.65519,1.62287,1.70612,1.63514,1.64926,1.66158,1.60166,1.58371,1.59758,1.53024,1.55928,-2.38498,-2.03534,-1.75242,-1.56337,-1.48126,-1.48208,-1.55313,-1.59788,-1.5787,-1.59681,-1.55803,-1.52684,-1.56994,-1.66112,-1.68734,-1.63706,-1.62303,-1.66518,-1.6957,-1.60909,-1.67034,-1.63547,-1.64359,-1.64881,-1.6465,-1.59421,-1.60693,-1.5496,-1.55895,-1.52366,3,9.9745,2.23868,1.79866,1.4763,1.22257,1.07225,1.00258,1.00562,1.07479,1.17876,1.23666,1.24084,1.28011,1.23911,1.27059,1.36877,1.46301,1.45062,1.40717,1.44096,1.47241,1.45546,1.44534,1.53631,1.46561,1.48832,1.52293,1.43669,1.43429,1.42209,1.38438,-2.23456,-1.80152,-1.4816,-1.2218,-1.06759,-1.00274,-1.00518,-1.06998,-1.17742,-1.24286,-1.24129,-1.27537,-1.24051,-1.27406,-1.36657,-1.46074,-1.44312,-1.39955,-1.4465,-1.52232,-1.42262,-1.49569,-1.49522,-1.48606,-1.48481,-1.49371,-1.44266,-1.45484,-1.38735,-1.40824,4,10.809,2.08627,1.56574,1.20374,0.910692,0.719829,0.619422,0.598318,0.637958,0.72925,0.855455,0.981778,1.02287,1.07737,1.0804,1.0985,1.18934,1.31081,1.33699,1.28989,1.34009,1.37057,1.35303,1.3611,1.4537,1.33893,1.43963,1.38062,1.35209,1.35354,1.27364,-2.08354,-1.56906,-1.20335,-0.908573,-0.716839,-0.616498,-0.599006,-0.640671,-0.730553,-0.85094,-0.981822,-1.03118,-1.07041,-1.07812,-1.10297,-1.1898,-1.30951,-1.32865,-1.28363,-1.34302,-1.4238,-1.32949,-1.41286,-1.4004,-1.39488,-1.42233,-1.35757,-1.37852,-1.33429,-1.32762,5,11.7219,1.92878,1.32729,0.923136,0.596555,0.389771,0.288531,0.28331,0.336577,0.420174,0.530448,0.66594,0.822622,0.935081,0.96406,1.02525,1.01617,1.11437,1.24426,1.29479,1.23795,1.30405,1.32798,1.30774,1.3342,1.42431,1.32366,1.41795,1.29053,1.31788,1.24543,-1.91929,-1.33097,-0.928429,-0.597716,-0.387181,-0.288683,-0.283071,-0.335758,-0.421224,-0.533831,-0.666119,-0.817355,-0.937784,-0.96375,-1.02094,-1.01893,-1.1155,-1.24213,-1.28698,-1.23382,-1.30845,-1.38716,-1.26546,-1.4167,-1.32285,-1.34234,-1.37142,-1.30939,-1.32509,-1.2568
5,0.1,0,8,2.67371,2.65704,2.63429,2.61155,2.5888,2.56605,2.5433,2.52056,2.49781,2.47506,2.45232,2.42957,2.40682,2.38408,2.36133,2.33858,2.31583,2.29309,2.27034,2.24759,2.22485,2.2021,2.17935,2.1566,2.13386,2.11111,2.08836,2.06562,2.04287,2.02012,-2.67371,-2.65704,-2.63429,-2.61155,-2.5888,-2.56605,-2.5433,-2.52056,-2.49781,-2.47506,-2.45232,-2.42957,-2.40682,-2.38408,-2.36133,-2.33858,-2.31583,-2.29309,-2.27034,-2.24759,-2.22485,-2.2021,-2.17935,-2.1566,-2.13386,-2.11111,-2.08836,-2.06562,-2.04287,-2.02012,1,8.28967,2.49411,2.20145,1.99201,1.90006,1.90344,1.88759,1.87071,1.84904,1.82129,1.75504,1.69696,1.71825,1.76645,1.77145,1.71592,1.66118,1.67286,1.66193,1.65121,1.58521,1.64175,1.59918,1.55739,1.61105,1.57401,1.50663,1.50746,1.48998,1.42302,1.45054,-2.48892,-2.19988,-1.99025,-1.89483,-1.90004,-1.88378,-1.86609,-1.85182,-1.82583,-1.75512,-1.69465,-1.71902,-1.77103,-1.77299,-1.71201,-1.6459,-1.67564,-1.6905,-1.60732,-1.62016,-1.61649,-1.60252,-1.5563,-1.60635,-1.53747,-1.50927,-1.51956,-1.44153,-1.45416,-1.44322,2,8.69334,2.28412,1.90208,1.61867,1.38582,1.22823,1.14324,1.11146,1.14061,1.14387,1.13909,1.12935,1.09168,1.04379,1.04249,1.09347,1.1501,1.11189,1.06341,1.06087,1.07141,1.0886,1.029,1.06641,1.08837,1.00725,1.0693,1.04775,0.96714,0.954626,0.948027,-2.27692,-1.90104,-1.61541,-1.38401,-1.22125,-1.13494,-1.10811,-1.13462,-1.14094,-1.14343,-1.13025,-1.09071,-1.03978,-1.04165,-1.09442,-1.14946,-1.11109,-1.05418,-1.04918,-1.11419,-1.04051,-1.03717,-1.04238,-1.07109,-1.0125,-1.06707,-1.01243,-0.968965,-0.992901,-0.894997,3,9.29088,2.08853,1.59958,1.2683,0.973495,0.743177,0.59001,0.497457,0.462561,0.47451,0.531115,0.589397,0.592212,0.610875,0.589709,0.574366,0.609293,0.67569,0.734785,0.695926,0.673544,0.697974,0.713034,0.717909,0.682974,0.764715,0.691044,0.697738,0.74483,0.646076,0.627414,-2.09285,-1.59492,-1.25888,-0.969345,-0.743576,-0.582985,-0.48614,-0.449198,-0.4708,-0.525682,-0.580729,-0.595578,-0.613068,-0.584989,-0.567899,-0.602038,-0.675437,-0.735366,-0.693724,-0.665114,-0.700062,-0.743343,-0.654526,-0.710736,-0.696818,-0.693098,-0.699556,-0.713573,-0.633661,-0.648617,4,10.2372,1.87627,1.26875,0.859602,0.525182,0.236149,0,0,0,0,0.167443,0.243344,0.33658,0.415381,0.433026,0.46185,0.447363,0.463196,0.52594,0.608455,0.626586,0.576861,0.600542,0.62699,0.625084,0.605563,0.674846,0.570991,0.656958,0.620408,0.54391,-1.88811,-1.26566,-0.856482,-0.521381,-0.231379,0,0,0,-0.0338511,-0.155795,-0.238948,-0.328343,-0.405995,-0.439347,-0.461839,-0.441936,-0.454259,-0.524044,-0.609569,-0.626775,-0.568832,-0.599382,-0.662612,-0.567834,-0.634218,-0.619554,-0.586693,-0.647858,-0.579917,-0.571798,5,11.225,1.69014,0.964419,0.488291,0,0,0,0,0,0,0,0,0.168599,0.253945,0.358314,0.415872,0.448755,0.441271,0.441969,0.504209,0.592006,0.611802,0.566969,0.600803,0.611138,0.588635,0.6437,0.609587,0.614316,0.632848,0.537263,-1.70268,-0.955969,-0.484572,0,0,0,0,0,0,0,0,-0.156973,-0.250105,-0.347179,-0.41431,-0.453587,-0.433609,-0.434748,-0.499833,-0.593677,-0.611976,-0.558029,-0.604512,-0.620664,-0.585792,-0.621945,-0.608625,-0.613563,-0.583434,-0.558942
10,1,0,8,3.37001,3.32422,3.27837,3.23253,3.18668,3.14084,3.09499,3.04915,3.0033,2.95746,2.91161,2.86577,2.81992,2.77408,2.72823,2.68239,2.63654,2.5907,2.54485,2.49901,2.45316,2.40732,2.36147,2.31563,2.26978,2.22394,2.17809,2.13225,2.0864,2.04046,-3.37001,-3.32422,-3.27837,-3.23253,-3.18668,-3.14084,-3.09499,-3.04915,-3.0033,-2.95746,-2.91161,-2.86577,-2.81992,-2.77408,-2.72823,-2.68239,-2.63654,-2.5907,-2.54485,-2.49901,-2.45316,-2.40732,-2.36147,-2.31563,-2.26978,-2.22394,-2.17809,-2.13225,-2.0864,-2.04046,1,8.6083,3.31237,3.03528,2.89525,2.87902,2.86427,2.82539,2.79456,2.76317,2.72506,2.66379,2.57565,2.54262,2.57125,2.57361,2.51112,2.48449,2.45569,2.45983,2.39872,2.34777,2.29527,2.30065,2.26295,2.20287,2.14694,2.12404,2.10556,2.04509,1.99372,1.91738,-3.3036,-3.03218,-2.89701,-2.8785,-2.86739,-2.82023,-2.79389,-2.76435,-2.72837,-2.66805,-2.58526,-2.57185,-2.62456,-2.53088,-2.52342,-2.49667,-2.51125,-2.42943,-2.39055,-2.33636,-2.31762,-2.27248,-2.26372,-2.19147,-2.15612,-2.12166,-2.10627,-2.03792,-1.99884,-1.94275,2,9.29242,3.23271,2.89465,2.63115,2.47598,2.44669,2.48435,2.49331,2.44835,2.44873,2.42732,2.38492,2.3181,2.28831,2.33333,2.36308,2.32144,2.27371,2.3062,2.26756,2.23418,2.1989,2.15313,2.17131,2.12725,2.06074,2.03179,2.02477,1.98464,1.91868,1.82894,-3.22335,-2.88335,-2.62561,-2.47965,-2.44469,-2.48115,-2.4883,-2.44625,-2.45472,-2.42066,-2.38643,-2.32425,-2.31244,-2.37656,-2.37205,-2.2676,-2.32907,-2.31641,-2.25572,-2.21661,-2.17905,-2.17392,-2.14593,-2.11498,-2.04467,-2.04456,-2.01252,-1.97797,-1.91464,-1.84604,3,10.0221,3.15257,2.75652,2.43811,2.20592,2.08384,2.06145,2.11137,2.18269,2.17425,2.15385,2.18442,2.14313,2.09736,2.07614,2.13465,2.19582,2.15594,2.13365,2.14959,2.13439,2.09172,2.04994,2.04637,2.07459,1.99899,1.96196,1.94688,1.94317,1.86323,1.74844,-3.14523,-2.75622,-2.43896,-2.20852,-2.09437,-2.06542,-2.10843,-2.17515,-2.16651,-2.15858,-2.18449,-2.13806,-2.10897,-2.09489,-2.17507,-2.2127,-2.09233,-2.17001,-2.19788,-2.13833,-2.0728,-2.0901,-2.06754,-2.0355,-2.00086,-1.95646,-1.96353,-1.91807,-1.87221,-1.75727,4,10.8667,3.07475,2.59632,2.24147,1.96304,1.78712,1.70436,1.69706,1.76012,1.85713,1.92744,1.9017,1.9443,1.94341,1.90209,1.90112,1.96991,2.05296,2.0291,2.00334,2.04387,2.03774,1.98163,1.96228,1.98121,1.99476,1.88536,1.90068,1.8752,1.83546,1.68732,-3.05996,-2.59288,-2.23797,-1.97033,-1.79268,-1.70892,-1.70581,-1.75783,-1.85067,-1.91618,-1.90198,-1.9509,-1.93338,-1.91569,-1.91982,-2.00514,-2.07461,-1.96733,-2.03396,-2.14399,-1.97907,-1.96825,-1.99966,-1.97124,-1.9323,-1.90802,-1.89372,-1.87801,-1.83041,-1.70488,5,11.6826,2.97882,2.45344,2.07039,1.76672,1.55918,1.43505,1.39875,1.42623,1.50737,1.62306,1.72974,1.73845,1.76666,1.81256,1.75908,1.7923,1.87567,1.96511,1.93221,1.92846,1.97922,1.93227,1.91424,1.91081,1.93258,1.88088,1.84378,1.85566,1.80986,1.65154,-2.96622,-2.44457,-2.06302,-1.76303,-1.55918,-1.44284,-1.40405,-1.43056,-1.50883,-1.61549,-1.71758,-1.7362,-1.77245,-1.80209,-1.77219,-1.81381,-1.90596,-1.98075,-1.85779,-1.9741,-2.13097,-1.89544,-1.92657,-1.92143,-1.9348,-1.85857,-1.84979,-1.85784,-1.78002,-1.67222
10,0.7,0,8,3.37001,3.32422,3.27837,3.23253,3.18668,3.14084,3.09499,3.04915,3.0033,2.95746,2.91161,2.86577,2.81992,2.77408,2.72823,2.68239,2.63654,2.5907,2.54485,2.49901,2.45316,2.40732,2.36147,2.31563,2.26978,2.22394,2.17809,2.13225,2.0864,2.04046,-3.37001,-3.32422,-3.27837,-3.23253,-3.18668,-3.14084,-3.09499,-3.04915,-3.0033,-2.95746,-2.91161,-2.86577,-2.81992,-2.77408,-2.72823,-2.68239,-2.63654,-2.5907,-2.54485,-2.49901,-2.45316,-2.40732,-2.36147,-2.31563,-2.26978,-2.22394,-2.17809,-2.13225,-2.0864,-2.04046,1,8.54456,3.28033,3.00485,2.8515,2.82424,2.80766,2.76774,2.72792,2.70102,2.66566,2.60728,2.51665,2.47143,2.48928,2.49831,2.44802,2.40709,2.38362,2.39647,2.32645,2.27499,2.21567,2.21822,2.19656,2.12841,2.06592,2.03782,2.03207,1.96959,1.9155,1.84682,-3.27981,-3.00169,-2.84311,-2.81888,-2.81166,-2.76824,-2.73302,-2.6999,-2.66535,-2.61033,-2.52624,-2.49524,-2.54617,-2.46267,-2.44739,-2.41647,-2.44218,-2.36401,-2.32107,-2.2592,-2.2366,-2.19739,-2.19558,-2.11877,-2.07581,-2.04797,-2.02463,-1.96508,-1.91646,-1.86796,2,9.21706,3.16289,2.80956,2.54977,2.37451,2.31091,2.31922,2.34125,2.29919,2.29336,2.2802,2.24844,2.18524,2.13486,2.1505,2.19237,2.18013,2.13141,2.13411,2.1256,2.09946,2.03376,1.99135,1.99699,2.00996,1.91499,1.87633,1.85341,1.85413,1.77082,1.68515,-3.15298,-2.80711,-2.54262,-2.36785,-2.30337,-2.31618,-2.34399,-2.30546,-2.29241,-2.27508,-2.25073,-2.18788,-2.15277,-2.18663,-2.22024,0,-2.1415,-2.14617,-2.14676,-2.06395,-2.03674,-2.01249,-1.99748,-1.96047,-1.91675,-1.89053,-1.86072,-1.82179,-1.773,-1.69964,3,9.94596,3.03713,2.62207,2.30616,2.06182,1.921,1.85992,1.8634,1.92223,1.95385,1.91968,1.95004,1.93778,1.89978,1.86202,1.87666,1.946,1.96564,1.92335,1.91227,1.95365,1.88728,1.84985,1.84166,1.84099,1.84164,1.73552,1.72745,1.71475,1.68103,1.53959,-3.02138,-2.62207,-2.30551,-2.0546,-1.90962,-1.84896,-1.85869,-1.92076,-1.95989,-1.92515,-1.94251,-1.93711,-1.90527,-1.87259,-1.91019,-1.97893,-1.92642,-1.89062,-1.98424,-1.94096,-1.86071,-1.8683,-1.83135,-1.83942,-1.79617,-1.75687,-1.73863,-1.70797,-1.66801,-1.57386,4,10.674,2.94753,2.45665,2.10349,1.81097,1.62514,1.52613,1.48693,1.50996,1.58196,1.659,1.67025,1.68394,1.7244,1.67945,1.66292,1.69842,1.77389,1.81443,1.76824,1.77813,1.82099,1.74649,1.72923,1.72906,1.74486,1.70212,1.62588,1.62956,1.61361,1.47892,-2.92357,-2.44662,-2.09466,-1.8056,-1.61294,-1.50844,-1.47552,-1.50185,-1.5807,-1.6614,-1.67938,-1.67552,-1.71235,-1.69162,-1.67129,-1.72631,-1.8048,-1.77641,0,-1.88436,-1.80881,-1.74163,-1.76692,-1.72752,-1.72197,-1.67627,-1.64192,-1.64399,-1.58812,-1.49137,5,11.5316,2.83294,2.27107,1.87701,1.55251,1.32904,1.2018,1.14595,1.14809,1.19267,1.282,1.3947,1.45671,1.46877,1.54955,1.5087,1.5203,1.55866,1.64725,1.70218,1.65631,1.68741,1.72159,1.62787,1.64186,1.65647,1.67218,1.56185,1.573,1.54658,1.44268,-2.80257,-2.25626,-1.8676,-1.54497,-1.32231,-1.18512,-1.12683,-1.13026,-1.18732,-1.27966,-1.39406,-1.46441,-1.46593,-1.53415,-1.5199,-1.52693,-1.58462,-1.67849,-1.65972,-1.62923,-1.79129,-1.69906,-1.64589,-1.68373,-1.65318,-1.61599,-1.58485,-1.56443,-1.53673,-1.44477
10,0.4,0,8,3.37001,3.32422,3.27837,3.23253,3.18668,3.14084,3.09499,3.04915,3.0033,2.95746,2.91161,2.86577,2.81992,2.77408,2.72823,2.68239,2.63654,2.5907,2.54485,2.49901,2.45316,2.40732,2.36147,2.31563,2.26978,2.22394,2.17809,2.13225,2.0864,2.04046,-3.37001,-3.32422,-3.27837,-3.23253,-3.18668,-3.14084,-3.09499,-3.04915,-3.0033,-2.95746,-2.91161,-2.86577,-2.81992,-2.77408,-2.72823,-2.68239,-2.63654,-2.5907,-2.54485,-2.49901,-2.45316,-2.40732,-2.36147,-2.31563,-2.26978,-2.22394,-2.17809,-2.13225,-2.0864,-2.04046,1,8.48041,3.23115,2.95932,2.75904,2.68611,2.67163,2.63364,2.59993,2.56628,2.53551,2.48133,2.39753,2.32831,2.32507,2.32132,2.30891,2.23941,2.23609,2.23559,2.18778,2.13194,2.06098,2.02926,2.05311,1.98226,1.9214,1.86241,1.86665,1.83824,1.77207,1.68335,-3.23107,-2.95946,-2.75695,-2.68805,-2.67488,-2.63333,-2.60519,-2.56742,-2.53067,-2.4794,-2.3993,-2.34077,-2.37217,-2.33941,-2.2764,-2.22703,-2.27436,-2.23287,-2.18041,-2.11772,-2.07166,-2.05676,-2.03418,-1.97741,-1.91563,-1.89341,-1.84403,-1.83094,-1.7604,-1.70125,2,9.01791,3.08611,2.72821,2.4415,2.24554,2.13077,2.09253,2.10309,2.09003,2.0652,2.05116,2.02246,1.96585,1.90066,1.87456,1.89739,1.91403,1.88248,1.83685,1.86266,1.83878,1.79267,1.73967,1.6983,1.71391,1.69613,1.60119,1.56529,1.55654,1.55141,1.44502,-3.08241,-2.72245,-2.43753,-2.24488,-2.13249,-2.09735,-2.10562,-2.08957,-2.06435,-2.04864,-2.01881,-1.96938,-1.90903,-1.89597,-1.9392,-1.90816,-1.8479,-1.8634,-1.90119,-1.83099,-1.78101,-1.73576,-1.72761,-1.70459,-1.66974,-1.59639,-1.58327,-1.56265,-1.52725,-1.44636,3,9.63271,2.93627,2.49555,2.17607,1.91139,1.72448,1.61587,1.57082,1.5815,1.62259,1.62076,1.61342,1.61706,1.58975,1.54191,1.51806,0,1.58675,1.58643,1.54533,1.55723,1.58023,1.53079,1.46402,1.44858,1.46618,1.46054,1.35989,1.33107,1.32709,1.29462,-2.93149,-2.48875,-2.17112,-1.90292,-1.72009,-1.61419,-1.5719,-1.58656,-1.62497,-1.62184,-1.61229,-1.61388,-1.58655,-1.55102,-1.53473,-1.56887,-1.61019,-1.53704,-1.5597,-1.59599,-1.59148,-1.49977,-1.49471,-1.4708,-1.46338,-1.41827,-1.36713,-1.3527,-1.3259,-1.26719,4,10.3447,2.78966,2.26934,1.89656,1.59202,1.36777,1.21881,1.13934,1.11553,1.13728,1.20292,1.25968,1.26846,1.29617,1.29292,1.27022,1.25107,1.2884,1.34618,1.37377,1.33579,1.35493,1.3998,1.33263,1.28643,1.28286,1.30766,1.26412,1.17321,1.16782,1.15808,-2.76079,-2.25399,-1.89241,-1.59001,-1.36511,-1.21262,-1.13314,-1.11581,-1.14195,-1.20811,-1.26066,-1.26607,-1.29443,-1.29201,-1.27465,-1.26951,-1.31385,-1.37498,-1.33022,-1.33577,-1.40859,-1.38352,-1.29615,-1.31448,-1.28993,-1.28643,-1.23511,-1.1886,-1.19356,-1.12982,5,11.1398,2.64819,2.04196,1.62809,1.28824,1.02671,0.860734,0.765999,0.732216,0.746515,0.80061,0.888906,0.987341,1.03689,1.06881,1.10677,1.08887,1.087,1.13449,1.20332,1.23807,1.21009,1.24292,1.28488,1.20538,1.17124,1.18416,1.20922,1.09538,1.07171,1.0481,-2.62428,-2.02474,-1.61877,-1.28046,-1.02543,-0.858554,-0.755007,-0.724279,-0.745216,-0.807806,-0.894416,-0.989617,-1.0362,-1.06738,-1.10533,-1.09197,-1.10526,-1.15863,-1.23379,-1.20226,-1.20612,-1.31528,-1.25229,-1.18146,-1.20928,-1.19003,-1.15697,-1.1095,-1.07578,-1.04498
10,0.1,0,8,3.37001,3.32422,3.27837,3.23253,3.18668,3.14084,3.09499,3.04915,3.0033,2.95746,2.91161,2.86577,2.81992,2.77408,2.72823,2.68239,2.63654,2.5907,2.54485,2.49901,2.45316,2.40732,2.36147,2.31563,2.26978,2.22394,2.17809,2.13225,2.0864,2.04046,-3.37001,-3.32422,-3.27837,-3.23253,-3.18668,-3.14084,-3.09499,-3.04915,-3.0033,-2.95746,-2.91161,-2.86577,-2.81992,-2.77408,-2.72823,-2.68239,-2.63654,-2.5907,-2.54485,-2.49901,-2.45316,-2.40732,-2.36147,-2.31563,-2.26978,-2.22394,-2.17809,-2.13225,-2.0864,-2.04046,1,8.21184,3.17748,2.89691,2.67499,2.56072,2.51414,2.4774,2.43708,2.3955,2.35798,2.30561,2.22972,2.14152,2.0987,2.07356,2.05627,2.00296,1.97596,1.94012,1.96215,1.9062,1.82494,1.7431,1.72379,1.75427,1.68386,1.59257,1.53063,1.54663,1.52488,1.44223,-3.18043,-2.90131,-2.67442,-2.56412,-2.51831,-2.47599,-2.43414,-2.39808,-2.35636,-2.30563,-2.23336,-2.14778,-2.11409,-2.1124,-2.03066,-1.99944,-1.98043,-2.01164,-1.9464,-1.87965,-1.79812,-1.76021,-1.71737,-1.74596,-1.66121,-1.5806,-1.555,-1.53732,-1.51748,-1.41875,2,8.49651,2.96219,2.58921,2.31257,2.07158,1.89907,1.78699,1.71659,1.69089,1.6682,1.63494,1.60137,1.56074,1.49507,1.42415,1.3714,1.35316,1.33636,1.31067,1.27191,1.26381,1.2518,1.23737,1.15193,1.08694,1.05056,1.07396,1.04473,0.946476,0.889388,0.874647,-2.96425,-2.5953,-2.31345,-2.07406,-1.90019,-1.78584,-1.72447,-1.69532,-1.66252,-1.63208,-1.59916,-1.55928,-1.50173,-1.42864,-1.38128,-1.37338,-1.34799,-1.28669,-1.27346,-1.28485,-1.28635,-1.20437,-1.13788,-1.09661,-1.07447,-1.04701,-1.02033,-0.932337,-0.902788,-0.871428,3,8.88293,2.78747,2.31142,1.97833,1.69058,1.44787,1.25446,1.11828,1.02717,0.974513,0.955882,0.955548,0.938075,0,0.885013,0.835269,0.78264,0.750098,0.741999,0.743366,0.7244,0.705907,0.70609,0.703752,0.686182,0.609385,0.558082,0.537374,0.561347,0.512529,0.412965,-2.78782,-2.3192,-1.98204,-1.69431,-1.44887,-1.2571,-1.1225,-1.03011,-0.978036,-0.958177,-0.947542,-0.932024,-0.916734,-0.883124,-0.839342,-0.791239,-0.761107,-0.7585,-0.757142,-0.704652,-0.705602,-0.706763,-0.728865,-0.648684,-0.600559,-0.571294,-0.559298,-0.536383,-0.489987,-0.415056,4,9.54714,2.58294,1.99783,1.59069,1.26181,0.972792,0.730437,0.544452,0.418462,0.340402,0.309127,0.307103,0.335766,0.377891,0.391211,0.393032,0.385432,0.357569,0.338769,0.34482,0.364196,0.375096,0.368909,0.370909,0.387718,0.382143,0.325299,0.276631,0.254956,0.264798,0.22309,-2.59944,-2.00201,-1.59328,-1.27142,-0.973738,-0.736011,-0.545892,-0.416375,-0.341672,-0.310576,-0.312701,-0.340215,-0.36948,-0.386542,-0.395545,-0.38412,-0.364813,-0.34604,-0.3569,-0.380139,-0.375363,-0.351784,-0.382816,-0.402101,-0.367675,-0.304955,-0.279973,-0.275991,-0.257911,-0.199026,5,10.4463,2.40846,1.70852,1.2202,0.851144,0.51722,0.234763,0,0,0,0,0,0.131738,0.181145,0.240847,0.292193,0.30563,0.313798,0.296085,0.279218,0.286156,0.311301,0.326805,0.323415,0.329354,0.347731,0.322384,0.247427,0.22287,0.222225,0.219351,-2.41826,-1.71193,-1.22699,-0.848391,-0.515621,-0.239408,0,0,0,0,0,-0.132802,-0.185597,-0.243711,-0.28135,-0.30787,-0.314271,-0.300373,-0.285142,-0.297787,-0.326937,-0.327124,-0.309157,-0.345423,-0.370463,-0.29442,-0.252325,-0.239316,-0.229747,-0.179336
15,1,0,8,0,4.0123,3.94263,0,3.8033,3.73363,3.66396,3.5943,3.52463,3.45496,3.3853,3.31563,3.24596,3.1763,3.10663,3.03696,2.9673,2.89763,2.82796,2.7583,2.68863,2.61896,2.5493,2.47963,2.40996,2.3403,2.27063,2.20096,2.1313,2.06112,0,-4.0123,-3.94263,-3.87296,-3.8033,-3.73363,-3.66396,-3.5943,-3.52463,-3.45496,-3.3853,-3.31563,-3.24596,-3.1763,-3.10663,-3.03696,-2.9673,-2.89763,-2.82796,-2.7583,-2.68863,-2.61896,-2.5493,-2.47963,-2.40996,-2.3403,-2.27063,-2.20096,-2.1313,-2.06112,1,8.54229,4.01071,3.7367,3.57702,3.53411,3.49459,3.42503,3.37235,3.31405,3.25569,3.19421,3.13969,3.08007,3.0185,2.94123,2.86234,2.81392,2.74383,2.73292,2.65388,2.63573,2.54392,2.4889,2.42443,2.35955,2.28375,2.21237,2.15789,2.07765,2.04561,1.94973,-4.00991,-3.73147,-3.57338,-3.5315,-3.49954,-3.42646,-3.36935,-3.31056,-3.25484,-3.18476,-3.084,-2.98745,-2.99327,-2.99665,-2.83849,-2.83142,-2.7778,-2.7243,-2.6823,-2.61271,-2.54804,-2.4842,-2.41827,-2.33881,-2.27567,-2.2137,-2.16429,-2.09955,-2.03312,-1.93282,2,9.15065,3.93935,3.60431,3.33186,3.15747,3.09964,3.10146,3.07277,3.00823,2.97682,2.92733,2.88648,2.83959,2.79607,2.73947,2.67625,2.61489,2.57409,2.53381,2.50637,2.47263,2.42261,2.36935,2.30429,2.24769,2.18514,2.11704,2.06424,2.01111,1.9469,1.84627,-3.94069,-3.60268,-3.3278,-3.15716,-3.09721,-3.10547,-3.0769,-3.0046,-2.97179,-2.92255,-2.86827,-2.78456,-2.71231,-2.70124,-2.74908,-2.6384,-2.56351,-2.63042,-2.5135,-2.49617,-2.40607,-2.38053,-2.29944,-2.23599,-2.16905,-2.11523,-2.06364,-2.01657,-1.95183,-1.83713,3,9.85848,3.84191,3.4433,3.12564,2.87512,2.72817,2.67151,2.67778,2.71178,2.67695,2.62816,2.62202,2.57731,2.55633,2.52593,2.48508,2.43329,2.38972,2.36137,2.33782,2.31849,2.29492,2.24214,2.20663,2.13704,2.11346,2.03065,1.97503,1.93237,1.86954,1.74614,-3.85524,-3.44308,-3.12754,-2.87587,-2.73106,-2.6692,-2.68236,-2.72093,-2.68195,-2.62416,-2.61284,-2.55934,-2.49898,-2.44303,-2.45087,-2.50277,-2.45575,-2.33021,-2.43048,-2.36051,-2.29329,-2.27243,-2.20086,-2.14641,-2.08835,-2.02061,-1.98169,-1.93393,-1.87748,-1.7309,4,10.5491,3.7594,3.29204,2.93816,2.65548,2.45318,2.34948,2.31255,2.33969,2.39416,2.40914,2.35421,2.36459,2.34625,2.33303,2.31019,2.2848,2.24065,2.2182,2.20445,2.19184,2.18258,2.1584,2.11227,2.06867,2.02212,1.97361,1.91371,1.86262,1.8167,1.66789,-3.77229,-3.29982,-2.94656,-2.65815,-2.46261,-2.34852,-2.30997,-2.33567,-2.40008,-2.41597,-2.33995,-2.35831,-2.32535,-2.26888,-2.23874,-2.27001,-2.3259,-2.26538,-2.16958,-2.29711,-2.28002,-2.15235,-2.16747,-2.06907,-2.0031,-1.96481,-1.91156,-1.87838,-1.81924,-1.6637,5,11.2887,3.67789,3.14471,2.76313,2.44134,2.21238,2.06796,2.00027,1.99849,2.04354,2.12103,2.16761,2.12308,2.14557,2.15244,2.141,2.14434,2.12033,2.08816,2.08842,2.08413,2.07875,2.07584,2.04387,2.00543,1.95686,1.9459,1.84732,1.83628,1.76885,1.6256,-3.6893,-3.15242,-2.77199,-2.44592,-2.2201,-2.07297,-2.00355,-1.99531,-2.03828,-2.121,-2.17317,-2.11955,-2.13708,-2.13406,-2.07644,-2.07764,-2.12709,-2.19008,-2.10645,-2.04725,-2.21858,-2.14784,-2.06084,-2.10384,-2.0221,-1.86922,-1.90214,-1.8319,-1.77193,-1.6236
15,0.7,0,8,0,4.0123,3.94263,0,3.8033,3.73363,3.66396,3.5943,3.52463,3.45496,3.3853,3.31563,3.24596,3.1763,3.10663,3.03696,2.9673,2.89763,2.82796,2.7583,2.68863,2.61896,2.5493,2.47963,2.40996,2.3403,2.27063,2.20096,2.1313,2.06112,0,-4.0123,-3.94263,-3.87296,-3.8033,-3.73363,-3.66396,-3.5943,-3.52463,-3.45496,-3.3853,-3.31563,-3.24596,-3.1763,-3.10663,-3.03696,-2.9673,-2.89763,-2.82796,-2.7583,-2.68863,-2.61896,-2.5493,-2.47963,-2.40996,-2.3403,-2.27063,-2.20096,-2.1313,-2.06112,1,8.46764,3.98429,3.7087,3.54126,3.47701,3.44165,3.37388,3.31435,3.25485,3.19591,3.13419,3.07803,3.01589,2.94881,2.87062,2.78611,2.73419,2.66554,2.66619,2.58088,2.55978,2.46559,2.416,2.34812,2.28323,2.20954,2.12737,2.06906,1.99094,1.95789,1.85151,-3.98113,-3.70869,-3.53811,-3.4788,-3.44503,-3.36966,-3.30928,-3.25171,-3.19372,-3.12429,-3.02107,-2.91812,-2.90766,-2.91216,-2.76418,-2.74976,-2.70991,-2.63866,-2.61619,-2.53786,-2.4708,-2.41326,-2.34207,-2.25793,-2.19157,-2.13265,-2.06475,-2.01872,-1.94674,-1.85293,2,9.04769,3.86574,3.51897,3.24322,3.04935,2.96631,2.94469,2.92505,2.86425,2.82479,2.77308,2.73005,2.68386,2.64187,2.58174,2.51752,2.44977,2.40037,2.36487,2.32714,2.31373,0,2.21929,2.12458,2.09258,2.02293,1.95787,1.88557,1.82842,1.76792,1.67023,-3.87519,-3.52376,-3.24844,-3.04937,-2.96258,-2.94677,-2.93102,-2.86172,-2.82068,-2.77394,-2.71807,-2.63832,-2.55097,-2.51745,-2.55054,-2.49612,-2.3696,-2.42707,-2.35637,-2.31285,-2.25826,-2.1909,-2.13736,-2.07723,-2.00207,-1.93986,-1.88968,-1.83202,-1.79342,-1.66946,3,9.67875,3.73483,3.32782,3.0135,2.75097,2.57669,2.4883,2.47051,2.48255,2.46978,2.41713,2.39332,2.36502,2.33588,2.30296,2.2654,2.20902,2.15977,2.12346,2.10374,2.08199,2.06915,2.0178,1.98057,1.91327,1.87736,1.79833,1.74569,1.67956,1.6285,1.51734,-3.75808,-3.33395,-3.01193,-2.74975,-2.57478,-2.49201,-2.47157,-2.49404,-2.47761,-2.41143,-2.39464,-2.35467,-2.29632,-2.22287,-2.19623,-2.22781,-2.23199,-2.10688,-2.1299,-2.1741,-2.02281,-2.04715,-1.94848,-1.92856,-1.84844,-1.78594,-1.73797,-1.69155,-1.63488,-1.52643,4,10.3145,3.60907,3.15273,2.80122,2.50204,2.28681,2.14625,2.07619,2.07209,2.11071,2.12814,2.09226,2.07583,2.07652,2.0568,2.04076,2.01272,1.96811,1.93501,1.91296,1.91058,1.89629,1.88199,1.83925,1.8082,1.74401,1.72279,1.633,1.58272,1.52097,1.41812,-3.65089,-3.16079,-2.8089,-2.50788,-2.28752,-2.14732,-2.08155,-2.07888,-2.11566,-2.14679,-2.09173,-2.0754,-2.0711,-2.01235,-1.96343,-1.94973,-1.99654,-2.01105,-1.8825,-1.92839,-2.01974,-1.83633,-1.90689,-1.77582,-1.7626,-1.66948,-1.62496,-1.58354,-1.53013,-1.42417,5,11.0679,3.49731,2.96096,2.57294,2.23767,1.98878,1.82183,1.71758,1.67699,1.68814,1.74701,1.80559,1.80008,1.79281,1.8187,1.81172,1.81353,1.79373,1.77108,1.74828,1.74458,1.75229,1.74445,1.73385,1.69094,1.66264,1.59319,1.57735,1.48771,1.43622,1.32541,-3.52996,-2.97251,-2.58436,-2.24039,-1.99399,-1.81956,-1.71825,-1.68548,-1.69949,-1.75603,-1.81812,-1.8067,-1.78465,-1.81325,-1.76328,-1.73849,-1.74416,-1.80567,-1.82427,-1.71202,-1.76819,-1.91804,-1.69388,-1.7814,-1.6082,-1.64804,-1.52886,-1.48915,-1.44113,-1.32543
15,0.4,0,8,0,4.0123,3.94263,0,3.8033,3.73363,3.66396,3.5943,3.52463,3.45496,3.3853,3.31563,3.24596,3.1763,3.10663,3.03696,2.9673,2.89763,2.82796,2.7583,2.68863,2.61896,2.5493,2.47963,2.40996,2.3403,2.27063,2.20096,2.1313,2.06112,0,-4.0123,-3.94263,-3.87296,-3.8033,-3.73363,-3.66396,-3.5943,-3.52463,-3.45496,-3.3853,-3.31563,-3.24596,-3.1763,-3.10663,-3.03696,-2.9673,-2.89763,-2.82796,-2.7583,-2.68863,-2.61896,-2.5493,-2.47963,-2.40996,-2.3403,-2.27063,-2.20096,-2.1313,-2.06112,1,8.39457,3.9405,3.65547,3.45185,3.36432,3.32777,3.25651,3.19498,3.13598,3.07203,3.00815,2.95002,2.88656,2.81963,2.73913,2.65379,2.59196,2.52531,2.48294,2.43864,2.38357,2.34026,2.2699,2.20798,2.1391,2.06541,1.97836,1.90579,1.84286,1.78414,1.71808,-3.93932,-3.6562,-3.4554,-3.36624,-3.32218,-3.25035,-3.19282,-3.13563,-3.07287,-3.00414,-2.91043,-2.80263,-2.7463,-2.77176,-2.66329,-2.58249,-2.57036,-2.49105,-2.48101,-2.39368,-2.3316,-2.2674,-2.2012,-2.12081,-2.03158,-1.97086,-1.89486,-1.86743,-1.79218,-1.7342,2,8.82583,3.78316,3.42339,3.14794,2.93461,2.80147,2.74188,2.71573,2.6661,2.60341,2.56128,2.50659,2.45723,2.40761,2.3541,2.28591,2.21721,2.15254,2.10285,2.05777,2.02952,1.99397,1.94528,1.89911,1.82575,1.76822,1.69622,1.6196,1.54541,1.48587,1.41634,-3.78431,-3.42228,-3.14591,-2.93254,-2.80797,-2.74566,-2.71207,-2.65892,-2.60069,-2.5602,-2.50204,-2.43207,-2.33872,-2.26656,-2.2499,-2.26334,-2.16069,-2.10417,-2.10869,-2.03105,-2.01667,-1.9349,-1.88668,-1.82082,-1.74961,-1.67155,-1.60522,-1.54954,-1.49632,-1.44311,3,9.33237,3.64671,3.19957,2.88688,2.60859,2.40732,2.27023,2.1947,2.16801,2.15337,2.11755,2.0739,2.04193,1.99942,1.96711,1.92725,1.87807,1.81824,1.76616,1.72131,1.69336,1.66441,1.65122,1.59738,1.569,1.49783,1.45172,1.38016,1.30701,1.23475,1.1742,-3.64078,-3.20286,-2.89096,-2.60463,-2.40515,-2.27213,-2.199,-2.16665,-2.15446,-2.11283,-2.07228,-2.03569,-1.98015,-1.90972,-1.84512,-1.82168,-1.83558,-1.81261,-1.70857,-1.72425,-1.71585,-1.64529,-1.63138,-1.54259,-1.50226,-1.42657,-1.35647,-1.29528,-1.24346,-1.18136,4,9.96074,3.47534,2.95948,2.5979,2.28462,2.02657,1.84098,1.71696,1.64593,1.62489,1.6346,1.64149,1.61197,1.59029,1.58337,1.55991,1.54081,1.50899,1.46893,1.42579,1.4006,1.38268,1.36506,1.35483,1.32026,1.28107,1.23288,1.17921,1.11156,1.03824,0.960609,-3.47974,-2.95675,-2.59709,-2.28381,-2.02131,-1.83813,-1.71997,-1.65339,-1.62845,-1.63029,-1.6376,-1.60715,-1.5915,-1.55915,-1.50945,-1.4623,-1.4468,-1.46435,-1.47987,-1.40515,-1.38198,-1.43317,-1.34902,-1.34739,-1.26694,-1.22758,-1.15051,-1.09033,-1.02926,-0.967743,5,10.6398,3.33609,2.73243,2.32345,1.98377,1.69937,1.48021,1.32716,1.23653,1.19299,1.19103,1.21894,1.26603,1.26579,1.25902,1.27608,1.26777,1.26805,1.25257,1.2265,1.19578,1.18479,1.17779,1.16805,1.16384,1.12775,1.09402,1.03757,0.987804,0.907118,0.825751,-3.33586,-2.7303,-2.3208,-1.97812,-1.69364,-1.47661,-1.32486,-1.23823,-1.1967,-1.19797,-1.2224,-1.25667,-1.26283,-1.25392,-1.25433,-1.22031,-1.19409,-1.19224,-1.22593,-1.25007,-1.18884,-1.17338,-1.25279,-1.15578,-1.15965,-1.05989,-1.03225,-0.95285,-0.893994,0
15,0.1,0,8,0,4.0123,3.94263,0,3.8033,3.73363,3.66396,3.5943,3.52463,3.45496,3.3853,3.31563,3.24596,3.1763,3.10663,3.03696,2.9673,2.89763,2.82796,2.7583,2.68863,2.61896,2.5493,2.47963,2.40996,2.3403,2.27063,2.20096,2.1313,2.06112,0,-4.0123,-3.94263,-3.87296,-3.8033,-3.73363,-3.66396,-3.5943,-3.52463,-3.45496,-3.3853,-3.31563,-3.24596,-3.1763,-3.10663,-3.03696,-2.9673,-2.89763,-2.82796,-2.7583,-2.68863,-2.61896,-2.5493,-2.47963,-2.40996,-2.3403,-2.27063,-2.20096,-2.1313,-2.06112,1,8.17101,3.87453,3.57948,3.34929,3.21398,3.14755,3.08418,3.01647,2.94799,2.88069,2.81418,2.7486,2.68316,2.61651,2.53935,2.44147,2.34843,2.2861,2.21184,2.17191,2.10536,2.09989,2.03034,1.95526,1.88763,1.81702,1.73005,1.63046,1.5589,1.48567,1.42639,-3.86844,-3.57845,-3.35053,-3.21679,-3.14346,-3.0788,-3.01442,-2.95014,-2.88673,-2.81728,-2.73345,-2.63238,-2.53224,-2.48929,-2.46508,-2.34341,-2.28685,-2.23947,-2.17935,-2.16765,-2.08716,-2.02401,-1.95733,-1.87348,-1.77762,-1.68859,-1.62276,-1.5486,-1.50762,-1.43206,2,8.35279,3.6831,3.29807,3.01319,2.76167,2.56567,2.42805,2.34191,2.28783,2.23461,2.16361,2.1035,2.04251,1.98199,1.92379,1.8568,1.78478,1.70207,1.61487,1.54804,1.49166,1.43379,1.39025,1.34186,1.32008,1.24966,1.17931,1.10985,1.03369,0.939839,0.857065,-3.67921,-3.28877,-3.00523,-2.75507,-2.56044,-2.42892,-2.34767,-2.28275,-2.22628,-2.16657,-2.10947,-2.0401,-1.96372,-1.87307,-1.78736,-1.72389,-1.69015,-1.62851,-1.54267,-1.50491,-1.45648,-1.414,-1.38457,-1.30525,-1.2462,-1.16643,-1.07757,-0.992673,-0.923155,-0.855919,3,8.61669,3.50378,3.02029,2.6815,2.39146,2.14015,1.93559,1.77172,1.65036,1.56586,1.5114,1.46399,1.41377,1.35588,1.30179,1.25138,1.19903,1.14075,1.07003,0.993727,0.923585,0.866669,0.81666,0.774236,0.736463,0.69744,0.665455,0.619618,0.543996,0.475348,0.387409,-3.49413,-3.01466,-2.67596,-2.38937,-2.13069,-1.92394,-1.76102,-1.65172,-1.57623,-1.51745,-1.46365,-1.41072,-1.35665,-1.30028,-1.22848,-1.14879,-1.07445,-1.02005,-0.98188,-0.936476,-0.865369,-0.829956,-0.794211,-0.755475,-0.728025,-0.660971,-0.602089,-0.524669,-0.441426,-0.344196,4,9.03991,3.33059,2.75972,2.3557,2.02938,1.74082,1.48605,1.27568,1.10761,0.980375,0.881477,0.823897,0.784628,0.751246,0.716842,0.670876,0.634288,0.598984,0.563126,0.516794,0.459647,0.401813,0.356634,0.326489,0.299169,0.276585,0.25514,0.231597,0.202002,0.152086,0,-3.32493,-2.74986,-2.34713,-2.02102,-1.7317,-1.47503,-1.26736,-1.10069,-0.97576,-0.890231,-0.829695,-0.789772,-0.750019,-0.711988,-0.672079,-0.626487,-0.565922,-0.50787,-0.458082,-0.426354,-0.40269,-0.365464,-0.321843,-0.315018,-0.291241,-0.274384,-0.247947,-0.188881,-0.135584,-0.0213471,5,9.94643,3.15469,2.44292,1.95904,1.57832,1.25221,0.953648,0.705125,0.506717,0.353353,0.250027,0.190109,0.174219,0.183799,0.201616,0.208447,0.205913,0.196813,0.194375,0.191968,0.175551,0.148278,0.12346,0.111416,0.114441,0.112389,0.0987821,0.0479308,0,0,0,-3.12229,-2.43391,-1.9548,-1.56941,-1.24004,-0.943557,-0.693299,-0.495694,-0.353279,-0.246644,-0.197103,-0.183301,-0.190481,-0.202641,-0.206798,-0.203703,-0.189261,-0.164184,-0.139517,-0.121561,-0.122457,-0.128474,-0.117615,-0.110277,-0.129971,-0.118396,-0.116818,0,0,0
